ID,Codigo,Nombre,NombreProducto,GenericoID,Activo
725,2161500,DOPAMINA SOLUCION INYECTABLE 200 MG/5 ML,,238,Y
726,2179007,"EPINEFRINA RACÉMICA SIN NEBULIZAR 11,25% 0,5 ML",,836,Y
727,2160024,EPINEFRINA CLORHIDRATO 1 MG/ML SOL. INYECTABLE,,255,Y
728,2179008,"EPINEFRINA SOLUCION PARA NEBULIZACION 2,25%",,255,Y
729,2160039,ISOPROTERENOL CLORHIDRATO 1 MG / 5 ML,,403,Y
731,2169029,NOREPINEFRINA SOLUCION INYECTABLE 4 MG/4 ML,,529,Y
733,2140023xxx,IVABRADINA COMPRIMIDO 5 MG,,803,Y
734,4000153,TROSPIO CLORURO 30 MG,,829,Y
735,2160310,ATROPINA SOLUCION INYECTABLE 1 MG/ML,,72,Y
736,NOEXISTE15,DROPERIDOL,,245,Y
737,2120034,"MIDAZOLAM COMPRIMIDO 7,5 MG",,489,Y
738,2129005,MIDAZOLAM SOLUCION INYECTABLE 15 MG/3 ML,,489,Y
739,2129004,MIDAZOLAM SOLUCION INYECTABLE 5 MG/ 5 ML,,489,Y
740,2121212,MIDAZOLAM SOLUCION INYECTABLE 5 MG/ ML,,489,Y
741,2120010xxx,MIDAZOLAM SOLUCION INYECTABLE 50 MG/10 ML,,489,Y
742,2140003,ACIDO ACETILSALICILICO 100MG,,10,Y
743,2140004,ACIDO ACETILSALICILICO 500MG,,10,Y
744,2140060,CELECOXIB 200 MG,,141,Y
745,2160102xxx,CLONIXINATO DE LISINA SOLUCION INYECTABLE 125 MG/2 ML,,173,Y
746,2179044,DICLOFENACO 1%,,224,Y
747,2171158,DICLOFENACO 15 MG/ML,,224,Y
749,2140089,DICLOFENACO 50 MG CM,,224,Y
750,2160017,DICLOFENACO SODICO 75 MG/3 ML,,224,Y
751,2170024,"DICLOFENACO 12,5 MG SUPOSITORIO",,224,Y
752,2140138,IBUPROFENO COMPRIMIDO 400 MG,,367,Y
753,2179037,IBUPROFENO JARABE O SUSPENSION ORAL 100 MG/5 ML,,367,Y
754,2149986,INDOMETACINA CAPSULA O COMPRIMIDO 25 MG,,375,Y
755,M02AA100370098,KETOPROFENO COMPRIMIDO 100 MG,,413,Y
756,M02AA100100098,KETOPROFENO SOLUCION INYECTABLE 100 MG,,413,Y
757,2160041,KETOROLACO TROMETAMOL 30 MG / 1 ML,,414,Y
758,2140176,METAMIZOL SODICO 300 MG,,476,Y
759,2160048,METAMIZOL SODICO 1 G/2 ML SOL. INYECTABLE,,476,Y
760,2143962,NAPROXENO COMPRIMIDO 550 MG,,509,Y
761,2160438,PARACETAMOL 10 MG/ML FA 100 ML SOL. INYECTABLE,,559,Y
762,2167107,PARACETAMOL 10 MG/ML,,559,Y
763,2149013,PARACETAMOL 500 MG /PSEUDOEFEDRINA 60MG /CLORFENAMINA 4 MG COM,,559,Y
764,2145920,PARACETAMOL COMPRIMIDO 500 MG,,559,Y
765,2170064,PARACETAMOL SOLUCION PARA GOTAS ORALES 100 MG/ML,,559,Y
766,2170065,PARACETAMOL SUPOSITORIO 125 MG,,559,Y
767,2120006,BUPRENORFINA 35 MCG/H PARCHE TRANSDERMICO,,108,Y
768,2140024xxx,"IVABRADINA COMPRIMIDO 7,5 MG",,803,Y
769,2120016,MORFINA 2% FCO 60CC 20 MG/ML,,501,Y
770,2125306,MORFINA SOLUCION INYECTABLE 10 MG/ML,,501,Y
771,2120030xxx,OXICODONA COMPRIMIDO LIBERACION PROLONGADA 20 MG,,545,Y
772,2120025xxx,REMIFENTANILO 5 MG POLVO PARA SOL. INY.,,621,Y
773,2120055,REMIFENTANILO 2 MG SOL. INYECTABLE,,621,Y
774,2120025,FENTANILO 25 MCG/HR PARCHE TRANSDERMICO,,300,Y
775,2120023,FENTANILO CITRATO 0.1 MG/2ML SOL. INYECTABLE,,300,Y
776,2122902,"FENTANILO SOLUCION INYECTABLE 0,5 MG/10 ML",,300,Y
777,2120010,METADONA CLORHIDRATO 10 MG CM,,475,Y
778,2120005,METADONA 10 MG/2 ML AMP,,475,Y
779,2120048,MORFINA CLORH. 20 MG/ML SOL. INYECTABLE,,501,Y
780,2160140xxx,"NALOXONA SOLUCION INYECTABLE 0,4 MG/ML",,508,Y
781,2120053,PETIDINA CLORHIDRATO SOLUCION INYECTABLE 100 MG/2 ML,,575,Y
782,2141534,"TRAMADOL + PARACETAMOL COMPRIMIDO 37,5 MG/325MG",,708,Y
783,2140256,TRAMADOL COMPRIMIDO 100 MG,,707,Y
784,2142236,TRAMADOL COMPRIMIDO 200 MG,,707,Y
785,2140257,TRAMADOL 50 MG,,707,Y
786,2160070,TRAMADOL SOLUCION INYECTABLE 100 MG/2 ML,,707,Y
787,2170091,TRAMADOL 100 MG/ML GOTAS ORALES,,707,Y
788,2160406,DEXMEDETOMIDINA SOLUCION INYECTABLE 200 MCG,,221,Y
789,2160407xxx,DEXMEDETOMIDINA  200 MCG/2 ML FA,,221,Y
790,2120030,KETAMINA CLORH. 500 MG/10 ML SOL. INYECTABLE,,411,Y
791,V03AN010570339,OXIGENO GAS GENERAL,,547,Y
792,2160091,PROPOFOL 1% EMULSIÓN ACUOSA INYECTABLE 20 ML-50 ML,,613,Y
793,2160095,PROPOFOL 2% EMULSIÓN INYECTABLE 50 ML,,613,Y
794,2160082xxx,PROPOFOL TIVA KIT 2% 50 ML,,613,Y
795,2166405,TIOPENTAL SODICO POLVO LIOFILIZADO PARA SOLUCION INYECTABLE 1 GR,,694,Y
796,2160009,"BUPIVACAINA 0,75% 2 ML HIPERBARICA SOL. INYECTABLE",,107,Y
797,NOEXISTE9,BUPIVACAINA,,107,Y
798,2163225,LIDOCAINA HIPERBARICA SOLUCION INYECTABLE 5%,,444,Y
799,2163230,"LIDOCAINA SOLUCION INYECTABLE 2,00% 5ML",,444,Y
800,2160046,LIDOCAINA CLORHIDRATO 2% AM 10 ML SOL. INYECTABLE,,444,Y
801,2179010,"LIDOCAINA SOLUCION TOPICA 10,00%",,444,Y
802,2170052,LIDOCAINA 3 G CLORHEXIDINA DIGLUC SOL 20 % 0.25 G 10 ML,,444,Y
803,2527009,"MEPIVACAINA 3% SIN VASOCONSTRICTOR/1,8 ML AMPOLLA",,470,Y
804,2160082,"PROPARACAINA 0,5 % SOL. OFTALMICA",,609,Y
805,2170282,"ALUMINIO HIDROXIDO SUSPENSION ORAL 6,00% 180 ML",,40,Y
806,NOEXISTE22,ESOMEPRAZOL 10 MG,,264,Y
807,2140059XXX,LANSOPRAZOL 30MG GRANULOS REC. ENTERICO SO.,,428,Y
808,2140273,MISOPROSTOL COMPRIMIDO 200 MCG,,493,Y
809,2140202,OMEPRAZOL CAPSULA 20.0 mg,,540,Y
810,2160057,OMEPRAZOL 40 MG LIOFILIZADO P/ SOLN. INYECTABLE,,540,Y
811,2140086,RANITIDINA 300 MG CM,,620,Y
812,2160117,RANITIDINA SOLUCION INYECTABLE 50 MG/2ML,,620,Y
813,2142530,FINASTERIDE 5 MG COMPRIMIDOS,,788,Y
814,2140006,ACIDO FOLICO COMPRIMIDO 1 MG,,14,Y
815,2140007,ACIDO FOLICO COMPRIMIDO 5 MG,,14,Y
816,2160011,"CIANOCOBALAMINA 0,1 MG/ML SOL. INYECTABLE AM 1ML",,144,Y
817,2620022,ERITROPOYETINA SOLUCION INYECTABLE 2000 U,,259,Y
818,2142940,FERROSO SULFATO COMPRIMIDO 200 MG,,301,Y
819,2179009,FERROSO SULFATO SOLUCION PARA GOTAS ORALES 125 MG/ML,,301,Y
821,2160060,PIRIDOXINA 100 MG/ML AM 1 ML SOL. INYECTABLE,,582,Y
822,2149010,SULFATO FERR 525MG+AC ASCOR CM (FERRO F),,824,Y
823,2140028,ATENOLOL 50 MG,,66,Y
824,2140058,"CARVEDILOL 12,5 MG",,127,Y
825,2149998,CARVEDILOL COMPRIMIDO 25 MG,,127,Y
826,2140142,ISOSORBIDE DINITRATO 10 MG,,404,Y
827,NOEXISTE5,"NITROGLICERINA SOLUCION INYECTABLE 0,5 MG/10 ML",,527,Y
829,2140221,PROPRANOLOL COMPRIMIDO 10 MG,,614,Y
830,2140276,SILDENAFIL 50 MG COMPRIMIDO,,645,Y
831,2160073,VERAPAMILO 5 MG /2 ML,,750,Y
832,2160002,ADENOSINA AM 6 MG/2 ML ,,28,Y
833,2140025,AMIODARONA CLORHIDRATO 200 MG,,47,Y
834,2160006,AMIODARONA CLORHIDRATO 150 MG/3 ML SOL. INYECTABLE,,47,Y
835,2140091,"DIGOXINA 0,25 MG",,227,Y
836,2171322,"DIGOXINA SOLUCION ORAL 0,05 MG/ML",,227,Y
837,2140367,FLECAINIDA 100 MG COMPRIMIDOS,,789,Y
838,2161280,"LANATOSIDO C SOLUCION INYECTABLE 0,4 MG/2 ML",,426,Y
839,2140354,NIMODIPINO 30 MG,,521,Y
840,2139045,NISTATINA 100000 UI SUSPENSIÓN ORAL,,522,Y
841,2135655,NISTATINA OVULO VAGINAL 100.000 UI,,522,Y
842,2130040xxx,NISTATINA UNGÜENTO TOPICO 100.000 UI/G,,522,Y
843,2140366,PROPAFENONA 300 MG,,818,Y
844,2130015,AMIKACINA SULFATO 500 MG/2 ML,,44,Y
845,2130014,AMIKACINA SULFATO 100 MG/2 ML,,44,Y
846,2139050,AMOXICILINA + ACIDO CLAVULANICO 400 MG/57 MG/5 ML 70 ML SUSPENSION ORAL,,52,Y
847,2142230,AMOXICILINA + ACIDO CLAVULANICO COMPRIMIDO 875 MG/125 MG,,52,Y
848,2170400,AMOXICILINA 500 MG SUSP ORAL 60 ML,,51,Y
849,21300169,AMOXICILINA 500 MG,,51,Y
850,2130390,AMOXICILINA POLVO PARA SUSPENSION ORAL 250 MG/5 ML,,51,Y
851,2139019,AMPICILINA + SULBACTAM POLVO LIOFILIZADO PARA SOLUCION INYECTABLE 1000 MG/500 MG,,54,Y
852,2130415,AMPICILINA POLVO LIOFILIZADO PARA SOLUCION INYECTABLE 500 MG,,53,Y
853,2130034,AZITROMICINA 500 MG CM,,75,Y
854,2130015XX,AZITROMICINA POLVO PARA SOLUCION INYECTABLE 500 MG,,75,Y
855,2171201,AZITROMICINA SUSPENSION ORAL 200 MG/5 ML,,75,Y
856,2179019,BACITRACINA 50.000 U.I NEOMICINA 350 MG XILOMETAZOLINA CLORHIDRATO 50 MG ANTAZOLINA FOSFATO 500 MG. UNGÜENTO NASAL,,771,Y
857,2130181,PENICILINA G-BENZATINICA 1.200.000 UI,,570,Y
858,2130045,CEFADROXILO 500 MG,,129,Y
859,2130046,CEFADROXILO 250 MG/5 ML SUSPENSION ORAL,,129,Y
860,2131234,CEFAZOLINA POLVO PARA SOLUCION INYECTABLE 1 G,,130,Y
861,2130032XXX,CEFEPIMA POLVO PARA SOLUCION INYECTABLE 2 G,,131,Y
862,2130043xxx,CEFIXIMA COMPRIMIDO 400 MG,,132,Y
863,2130053,CEFOTAXIMA 1 GR,,134,Y
864,2140019xxx,CEFPODOXIMA  200 MG,,135,Y
865,2139046,CEFRADINA COMPRIMIDO 500 MG,,136,Y
866,2131001,"CEFTAZIDIMA + AVIBACTAM  2 G/0,5 G",,775,Y
867,2139034,CEFTAZIDIMA POLVO PARA SOLUCION INYECTABLE 1 G,,138,Y
868,2130057,CEFTRIAXONA 1 GR,,139,Y
869,2172115,CEFUROXIMA POLVO PARA SUSPENSION ORAL 250 MG/5 ML,,140,Y
870,2130066,CIPROFLOXACINO 500 MG,,156,Y
871,2130018xxx,CIPROFLOXACINO SOLUCION INYECTABLE 200 MG/100 ML,,156,Y
872,2130070,CLARITROMICINA 500 MG,,163,Y
873,2130071,CLARITROMICINA 250 MG/5ML SUSPENSION ORAL,,163,Y
874,2130072,CLINDAMICINA 300 MG,,164,Y
875,2130074,CLINDAMICINA 600 MG/4 ML SOL. INYECTABLE,,164,Y
876,2130077,"CLORANFENICOL 0,5 % SOL. OFTALMICA",,177,Y
877,2130079,"CLORANFENICOL 1% UNGUENTO OFTALMICO 3,5 GR",,177,Y
878,2130086,CLOXACILINA SODICA 500 MG CP,,188,Y
879,2130011xxx,CLOXACILINA POLVO LIOFILIZADO PARA SOLUCION INYECTABLE 500 MG,,188,Y
880,2161370,COLISTIMETATO SODICO POLVO LIOFILIZADO PARA SOLUCION INYECTABLE 3.000.000 UI,,195,Y
881,2161371,COLISTIMETATO SODICO POLVO LIOFILIZADO PARA SOLUCION INYECTABLE 4.500.000 UI,,195,Y
882,2141393,COTRIMOXAZOL (SULFAMETOXAZOL/TRIMETOPRIM) COMPRIMIDO 800 MG /160 MG,,198,Y
883,2160070xxx,COTRIMOXAZOL (SULFAMETOXAZOL/TRIMETOPRIM) SOLUCION INYECTABLE 400 MG /80 MG,,198,Y
884,2130052,DAPSONA 100 MG,,206,Y
885,2130098,DOXICICLINA 100 MG,,243,Y
886,2132583,ERITROMICINA (ETILSUCCIONATO) COMPRIMIDO 500 MG,,258,Y
887,2130107,ERTAPENEM 1 GR,,260,Y
888,2130114,FLUCLOXACILINA COMPRIMIDO 500 MG,,306,Y
889,2130116,FLUCLOXACILINA POLVO PARA SUSPENSION ORAL 250 MG/5 ML,,306,Y
890,2133150,GENTAMICINA SOLUCION INYECTABLE 80 MG/2 ML,,342,Y
891,2139008,"GENTAMICINA SOLUCION OFTALMICA 0,30%",,342,Y
892,2133200,"GENTAMICINA UNGUENTO OFTALMICO 0,30%",,342,Y
893,2130134,IMIPENEM + CILASTATINA POLVO LIOFILIZADO PARA SOLUCION INYECTABLE 500 MG/500 MG,,372,Y
894,2130146,LEVOFLOXACINO COMPRIMIDO 500 MG,,439,Y
896,2140104XXX,LINEZOLID COMPRIMIDO 600 MG,,448,Y
897,2160143XXX,LINEZOLID SOLUCION INYECTABLE 600 MG/300 ML,,448,Y
898,2130155,MEROPENEM POLVO LIOFILIZADO PARA SOLUCION INYECTABLE 1 GR,,472,Y
899,2130156,MEROPENEM POLVO LIOFILIZADO PARA SOLUCION INYECTABLE 500 MG,,472,Y
900,2130164,METRONIDAZOL 500 MG,,487,Y
901,2170056,METRONIDAZOL 500 MG OVULO,,487,Y
902,2163666,METRONIDAZOL SOLUCION INYECTABLE 500 MG/100 ML,,487,Y
903,2170162,"MOXIFLOXACINO 0,5% SOL. OFTALMICA",,502,Y
904,2141122,NITROFURANTOINA MACROCRISTALES 100 MG,,526,Y
905,2140274,NITROFURANTOINA MACROCRISTALES 50 MG,,526,Y
906,2130183,PENICILINA G-SODICA 1.000.000 UI,,570,Y
907,2130184,PENICILINA G SODICA POLVO PARA SOLUCION INYECTABLE 2.000.000 UI,,570,Y
908,2169019,"PIPERACILINA/TAZOBACTAM POLVO PARA SOLUCION INYECTABLE 4/0,5 GR",,577,Y
909,2137304,RIFAXIMINA COMPRIMIDO 200MG,,625,Y
910,2142158,SULFADIAZINA COMPRIMIDO 500 MG,,659,Y
911,2159017,SULFADIAZINA CREMA TOPICA 1% (10 MG/ GR),,659,Y
912,2130206,TIGECICLINA 50 MG,,689,Y
913,2137401,VANCOMICINA (CLORHIDRATO) POLVO LIOFILIZADO PARA SOLUCION INYECTABLE 1 GR,,743,Y
914,2130210,VANCOMICINA FA 500 MG,,743,Y
915,2140001,ACENOCUMAROL 4 MG,,5,Y
916,2140011,ACIDO TRANEXAMICO 500 MG,,20,Y
917,2160026,ACIDO TRANEXAMICO 1 GR/10 ML IV SOL. INYECTABLE,,20,Y
918,2160040xxx,ACTIVADOR DEL PLASMINOGENO TISULAR HUMANO RECOMBINADO (RT-PA) SOLUCION INYECTABLE 50 MG/50 ML (ALTEPLASE),,25,Y
919,2140397,DABIGATRAN 110 MG,,781,Y
920,2140325,DABIGATRAN 150 MG,,781,Y
921,2160079xxx,DALTEPARINA SOLUCION INYECTABLE 10.000 UI,,203,Y
922,2160132xxx,DALTEPARINA SOLUCION INYECTABLE 2.500 UI,,203,Y
923,2160133xxx,DALTEPARINA SOLUCION INYECTABLE 5.000 UI,,203,Y
924,2160134xxx,DALTEPARINA SOLUCION INYECTABLE 7.500 UI,,203,Y
925,2162020,ENOXAPARINA SOLUCION INYECTABLE 20 MG,,253,Y
926,2160408,"ENOXAPARINA SODICA 40 MG/0,4 ML JERINGA PRELLENADA",,253,Y
927,2160129xxx,ENOXAPARINA SOLUCION INYECTABLE 60 MG,,253,Y
928,2160004,ENOXAPARINA SOLUCION INYECTABLE 80 MG,,253,Y
929,2162140,FITOQUINONA (VITAMINA K1) 10 MG/ML INTRAMUSCULAR,,305,Y
930,2162431,HEPARINA SODICA SOLUCION INYECTABLE 25.000 UI/5ML FRASCO 5 ML,,356,Y
931,2164868,PROTAMINA SULFATO SOLUCION INYECTABLE 50 MG/5 ML,,615,Y
932,2142016,RIVAROXABAN 15 MG COMPRIMIDOS RECUBIERTOS,,630,Y
933,2142017,RIVAROXABAN 20 MG COMPRIMIDO RECUBIERTO,,630,Y
934,NOEXISTE29,TENECTEPLASE SOLUCION INYECTABLE 10.000 UI (50 MG),,675,Y
935,2140409,TICAGRELOR 90MG CM,,827,Y
936,2140267,WARFARINA CM 5 MG,,759,Y
937,2141789,"LEVONORGESTREL 0,75 MCG IMPLANTE",,441,Y
938,2160088,LEVONORGESTREL 75MG IMPLANTE SUBCUTANEO,,441,Y
939,2140014,ACIDO VALPROICO 200 MG CM,,23,Y
940,2179001,ACIDO VALPROICO SOLUCION PARA GOTAS ORALES 375 MG/ML (10MG/GOTA) FRASCO 25 ML,,23,Y
941,2140056,CARBAMAZEPINA 200 MG,,123,Y
942,2142910,FENITOINA (SODICA) COMPRIMIDO 100 MG,,294,Y
943,2160029,FENITOINA SODICA 250 MG/5 ML SOL. INYECTABLE,,294,Y
944,2120020,CONT. FENOBARBITAL 100 MG,,295,Y
945,2122810,FENOBARBITAL COMPRIMIDO 15 MG,,295,Y
946,2122800,FENOBARBITAL SOLUCION INYECTABLE 200 MG,,295,Y
947,2140121,GABAPENTINA COMPRIMIDO 300 MG,,334,Y
948,2140338,LAMOTRIGINA COMPRIMIDO 100 MG,,425,Y
949,2140150,LAMOTRIGINA 50 MG,,425,Y
950,2140156-KE,LEVETIRACETAM 500 MG (KEPPRA) CM,,434,Y
951,2172117,LEVETIRACETAM SOLUCION ORAL 100 MG/ML,,434,Y
952,2120032,LORAZEPAM 2 MG,,456,Y
953,2142001,OXCARBAZEPINA 300 MG,,814,Y
954,2190035,PREGABALINA CAPSULA 75 MG,,605,Y
955,2140220,PRIMIDONA COMPRIMIDO 250 MG,,607,Y
956,2140252,TOPIRAMATO 100 MG,,703,Y
957,2140076,VIGABATRINA 500 MG CM.,,751,Y
958,2160072,"IDARUCIZUMAB  SOLUCION INYECTABLE 2,5 MG/50 ML",,779,Y
959,2160075,"FLUMAZENIL 0,5 MG/ 5 ML",,311,Y
960,2160001,"N-ACETIL CISTEINA SOLUCION ORAL 10,00%",,505,Y
961,2169030,DOMPERIDONA 10 MG/2 ML,,236,Y
962,2140097,DOMPERIDONA 10 MG,,236,Y
963,2160019,DOMPERIDONA 10 MG/2 ML SOL. INYECTABLE,,236,Y
964,2170029,DOMPERIDONA 10 MG/ML SOL. ORAL GOTAS,,236,Y
965,2145145,METOCLOPRAMIDA COMPRIMIDO 10 MG,,484,Y
966,2169011,METOCLOPRAMIDA SOLUCION INYECTABLE 10 MG/2 ML,,484,Y
967,2161465,ONDANSETRON COMPRIMIDO 8 MG,,541,Y
968,2161464,ONDANSETRON SOLUCION INYECTABLE 4 MG/2 ML,,541,Y
969,2141465,ONDASENTRON 4 MG,,541,Y
970,2170360,ANTIESPASMÓDICO PROPIFENAZONA + ADIFENINA SUPOSITORIO 440 MG + 50 MG,,610,Y
971,NOEXISTE12,ESCOPOLAMINA (N-BUTILBROMURO) SOLUCION INYECTABLE 20 MG/ML,,262,Y
972,2160059,PAPAVERINA SOLUCION INYECTABLE 80 MG/2 ML,,558,Y
973,2164707,PARGEVERINA ( CLORHIDRATO) SOLUCION INYECTABLE 5 MG/ML,,561,Y
974,2160280,PARGEVERINA + METAMIZOL MAGNÉSICO SOLUCIÓN INYECTABLE,,561,Y
975,4000410,ANFOTERICINA B LIPOSOMAL 50 MG,,57,Y
976,2130030,ANFOTERICINA B 50 MG LIPOSOMAL SOL  INY,,57,Y
977,NOEXISTE8,CASPOFUNGINA SOLUCION INYECTABLE 50 MG,,128,Y
978,NOEXISTE7,CASPOFUNGINA SOLUCION INYECTABLE 70 MG,,128,Y
979,2130117,FLUCONAZOL 150 MG,,307,Y
980,2130118,FLUCONAZOL 200/100 ML SOL. INYECTABLE,,307,Y
981,2145150xxx,VORICONAZOL 200 MG CMxxxx,,758,Y
982,2140413,VORICONAZOL 200 MG CM,,758,Y
983,2177000,"BETAXOLOL SOLUCION OFTALMICA 0,50%",,89,Y
984,2170014xxx,BRINZOLAMIDA / TIMOLOL SOLUCION OFTALMICA 10 MG/5 MG/ML,,102,Y
985,2170015xxx,BRINZOLAMIDA 10MG BRIMONIDINA 2MG/ 1ML SOLUCION OFTALMICA FRASCO 5 ML,,101,Y
986,2244444,"CARBACOL SOLUCION OFTALMICA 0,01%",,122,Y
987,2172500,LATANOPROST SOLUCION OFTALMICA 50 MCG/ML,,429,Y
988,2170067,PILOCARPINA 2% SOLUCION OFTALMICA 10 ML,,576,Y
989,2170089,"TIMOLOL MALEATO 0,5% SOL. OFTALMICA",,691,Y
990,2171223,"TRAVOPROST / TIMOLOL SOLUCION OFTALMICA 0,04 MG/5 MG/ML",,711,Y
991,2172145,"TRAVOPROST SOLUCION OFTALMICA 0,04 MG/ML",,710,Y
992,2140021,ALOPURINOL 300 MG,,37,Y
993,2140018,ALBENDAZOL COMPRIMIDO 200 MG,,32,Y
994,2140279,AMLODIPINO 10 MG,,50,Y
995,2140297,AMLODIPINO 5 MG,,50,Y
996,2140130xxx,BOSENTAN 125 MG COMPRIMIDO,,774,Y
997,2201809,CAPTOPRIL 1 MG/1ML SOLUCION ORAL,,121,Y
998,2140052,CAPTOPRIL 25 MG,,121,Y
999,2149991,"CLONIDINA (CLORHIDRATO) COMPRIMIDO 0,1 MG",,172,Y
1000,2140101,ENALAPRIL  (MALEATO) COMPRIMIDO 10 MG,,251,Y
1001,2140132,HIDRALAZINA COMPRIMIDO 50 MG,,357,Y
1003,2140165,LOSARTAN POTASICO 50 MG,,457,Y
1004,2140178,METILDOPA 250 MG,,480,Y
1005,P900006,"NIFEDIPINO 0,2%",,518,Y
1006,2145582,NIFEDIPINO COMPRIMIDO 10 MG,,518,Y
1007,2145589,NIFEDIPINO COMPRIMIDO LIBERACION RETARDADA 20 MG,,518,Y
1008,2145596,NITRENDIPINO COMPRIMIDO 20 MG,,524,Y
1009,2160400,NITROPRUSIATO DE SODIO 50 MG/2ML,,528,Y
1010,2140222,PROPRANOLOL COMPRIMIDO 40 MG,,614,Y
1011,2160062,PROPRANOLOL SOLUCION INYECTABLE 1 MG/ ML,,614,Y
1012,2160232,URAPIDIL 100 MG AMP,,720,Y
1013,2160231,URAPIDIL 25 MG/5 ML,,720,Y
1014,2160233,URAPIDIL 50 MG/10 ML,,720,Y
1015,2172505,CLORFENAMINA 2.5 MG/ 5ML POR 100 ML JARABE,,180,Y
1016,2140069,CLORFENAMINA MALEATO 4 MG,,180,Y
1017,2170192,CLORFENAMINA 2 MG/5 ML JARABE,,180,Y
1018,NOEXISTE11,CLORFENAMINA ,,180,Y
1019,2140163,LORATADINA 10 MG,,455,Y
1020,2179032,ACIDO TRICLOROACETICO 80%,,776,Y
1021,2179033,ACIDO TRICLOROACETICO 90%,,776,Y
1022,2161374,AZTREONAM 1 G,,76,Y
1023,2139007,"BETAMETASONA + GENTAMICINA SOLUCION OFTALMICA 0,1%+0,3 %",,88,Y
1024,2139009,BETAMETASONA + GENTAMICINA UNGÜENTO OFTÁLMICO,,88,Y
1025,2139030,"POLIMIXINA B / NEOMICINA / BETAMETASONA / LIDOCAÍNA SOLUCIÓN TÓPICA 1.000.000 UI / 0,35 G / 0,1 G / 2 G",,590,Y
1026,2171255,TOBRAMICINA + DEXAMETASONA SOLUCION OFTALMICA 3 MG/1 MG/ML,,699,Y
1027,2130027xxx,TOBRAMICINA 300MG/5ML SLN. NEB AMP,,698,Y
1028,2160040,KETOPROFENO SOLUCION INYECTABLE 100 MG/2ML,,413,Y
1029,2141245,MESALAZINA COMPRIMIDO O COMPRIMIDO RECUBIERTO 500 MG,,473,Y
1030,2172361,MESALAZINA SUPOSITORIO 500 MG,,473,Y
1031,2172150,PREDNISOLONA 1% COLIRIO,,603,Y
1032,2140239,SULFASALAZINA 500 MG,,660,Y
1033,NOEXISTE30,"CLOBETASOL 0,05%",,167,Y
1034,2179022,"CLOBETASOL CREMA TOPICA 0,05%",,167,Y
1035,2174151,"LIDOCAINA GEL 4,00%",,444,Y
1036,2176012,CLOTRIMAZOL OVULO 500 MG,,187,Y
1037,2130240,TERBINAFINA COMPRIMIDO 250 MG,,680,Y
1038,2140352,AMANTADINA CLORHIDRATO 100 MG,,835,Y
1039,2149014,LEVODOPA + BENSERAZIDA COMPRIMIDO 200 MG/50 MG,,436,Y
1040,2145556,LEVODOPA + CARBIDOPA COMPRIMIDO 250 MG/25 MG,,437,Y
1041,NOEXISTE4,"PRAMIPEXOL COMPRIMIDO 0,25 MG",,601,Y
1042,2140219,PRAMIPEXOL 1 MG,,601,Y
1043,2140261,TRIHEXIFENIDILO COMPRIMIDO 2 MG,,715,Y
1044,2130018,BENZNIDAZOL 100 MG COMP. PM,,85,Y
1045,2149008,CLOROQUINA COMPRIMIDO 250 MG,,183,Y
1046,2140229,ACITRETINA  25 MG COMPRIMIDO,,840,Y
1047,2140136,HIDROXICLOROQUINA 200 MG,,361,Y
1048,2132600,ESTREPTOMICINA (SULFATO) POLVO LIOFILIZADO PARA SOLUCION INYECTABLE 1 GR,,272,Y
1049,2130137,ISONIAZIDA COMPRIMIDO 100 MG,,402,Y
1050,2136750,PIRAZINAMIDA COMPRIMIDO 500 MG,,579,Y
1051,2130031,RIFAMPICINA 150 MG ISONIAZIDA 150 MG CM / CP PM,,624,Y
1053,2137305,RIFAMPICINA CAPSULA 150 MG,,624,Y
1054,2130032,RIFAMPICINA SUSPENSION ORAL 100 MG/5 ML PM,,624,Y
1055,2170011,BROMHEXINA CLORHIDRATO JBE. 4 MG/5 ML FCO. 100ML,,103,Y
1056,2200003,"CODEINA SOLUCION ORAL 2,00%",,190,Y
1057,2120003,CODEINA 6% SOLUCION 60 ML,,190,Y
1058,2137771,PM ABACAVIR / LAMIVUDINA / DOLUTEGRAVIR 600/ 300/ 50 MG,,1,Y
1059,2130013,ABACAVIR 300 MG CMR PM,,2,Y
1060,2130006,ACICLOVIR 400 MG,,9,Y
1061,2130106,"ACICLOVIR CREMA TOPICA 5,00%",,9,Y
1062,2130005,ACICLOVIR 250 MG/10 ML,,9,Y
1063,2136565,ATAZANAVIR / COBICISTAT 300/ 150 MG,,65,Y
1064,2130033,PM ATAZANAVIR 300 MG CM,,65,Y
1065,2130019,BICTEGRAVIR/EMTRICI/TENOF 50/200/25MG   COMP. PM,,92,Y
1066,2130020,DARUNAVIR 800 MG./COBICISTAT 150 MG. CMR..-PM,,210,Y
1067,2130263,DARUNAVIR COMPRIMIDO 400 MG,,209,Y
1068,2130264,DARUNAVIR 600 MG PM,,209,Y
1069,2130265,DOLUTEGRAVIR 50 MG PM,,235,Y
1070,2130101,EFAVIRENZ COMPRIMIDO 600 MG,,247,Y
1071,2143903,ELVITEGRAVIR COBICISTAT EMTRICITABINA TENOFOVIR 150/150/200/300 MG,,250,Y
1072,2137778,EMTRICITABINE 200 MG + TENOFOVIR ALAFENAMIDA 10 MG + ELVITEGRAVIR 150 MG  + COBICISTAT 150 MG COMPRIMIDOS,,250,Y
1073,2130069,"ENTECAVIR COMPRIMIDO 0,5 MG",,254,Y
1074,2130065,ENTECAVIR COMPRIMIDO 1 MG,,254,Y
1075,2130037XXX,ETRAVIRINA COMPRIMIDO 200 MG,,285,Y
1076,2190133,GANCICLOVIR POLVO LIOFILIZADO PARA SOLUCION INYECTABLE 500 MG,,336,Y
1077,2130063,LAMIVUDINA + ABACAVIR COMPRIMIDO 300 MG/600 MG,,421,Y
1078,2130277,LAMIVUDINA + TENOFOVIR + DOLUTEGRAVIR COMPRIMIDO 300 MG/300 MG/50 MG,,422,Y
1079,2130142-PM,LAMIVUDINA USP 150 MG / ZIDOVUDINA 300 MG PM,,423,Y
1080,2130144,LAMIVUDINA COMPRIMIDO 150 MG,,420,Y
1081,2130031xxx,LAMIVUDINA SUSPENSION ORAL 10 MG/ML,,420,Y
1082,2145832,LOPINAVIR + RITONAVIR CAPSULA O COMPRIMIDO 200 MG/50 MG,,454,Y
1083,2130025,LOPINAVIR 80 MG / RITONAVIR 20 MG JBE 160 ML PM,,454,Y
1084,2130269,MARAVIROC COMPRIMIDO 150 MG,,463,Y
1085,NOEXISTE18,NEVIRAPINA COMPRIMIDO 200 MG,,515,Y
1086,2130041XX,NEVIRAPINA JARABE 10 MG/ML,,515,Y
1087,NOEXISTE17,NIRMATRELVIR/RITONAVIR 300/100 MG,,837,Y
1088,2130179,OSELTAMIVIR CAPSULA 75 MG,,542,Y
1089,2179030,PODOFILINA SOLUCION TOPICA 10 % 20 ML,,586,Y
1090,2179031,PODOFILINA SOLUCION TOPICA 30 % 20 ML,,586,Y
1091,2130270,RALTEGRAVIR  600 MG COMPRIMIDO,,618,Y
1092,NOEXISTE20,RALTEGRAVIR COMPRIMIDO 400 MG,,618,Y
1093,2143128,RITONAVIR COMPRIMIDO 100 MG,,628,Y
1094,2137779,SOFOSBUVIR / VELPATASVIR COMPRIMIDO 400 MG/ 100 MG,,650,Y
1096,2143902,TENOFOVIR / EMTRICITABINA / RILPIVIRINA 300/ 200/ 25 MG,,677,Y
1097,2140412xxx,TENOFOVIR + EMTRICITABINA COMPRIMIDO 300/200 MG,,768,Y
1098,NOEXISTE16,TENOFOVIR ALAFENAMIDA 25 MG,,677,Y
1099,2140430,TENOFOVIR DISOPROXIL FUMARATO 300 MG,,677,Y
1100,2140093,VALGANCICLOVIR 450 MG CM,,741,Y
1101,2130038,ZIDOVUDINA 300 MG PM,,761,Y
1102,2130060,ZIDOVUDINA JARABE O SUSPENSION ORAL 10 MG/ML,,761,Y
1103,2160085xx,ZIDOVUDINA SOLUCION INYECTABLE 200 MG/20 ML,,761,Y
1104,2180020,S.P. GLUCOSALINO ISOTONICO 500 ML,,348,Y
1105,2173118,POTASIO CITRATO  + ACIDO CITRICO 5 GR.,,595,Y
1106,2160005,AMINOFILINA SOLUCION INYECTABLE 250 MG/10 ML,,46,Y
1107,2160022,EFEDRINA SULFATO 6%/1 ML SOL INYECTABLE,,248,Y
1108,2170217,FLUTICASONA/UMECLIDINIO/VILANTEROL 92/55/22 MCG,,838,Y
1109,2171592,"IPRATROPIO BROMURO  SOLUCION PARA NEBULIZAR 0,025%",,397,Y
1110,2170044,IPRATROPIO BROMURO 20 MCG/DO. INH.PRESURIZADO X 200 DO.,,397,Y
1111,2171680,IPRATROPIO+FENOTEROL AEROSOL PARA INHALACION ORAL 20 MCG/50 MCG 200 DOSIS,,398,Y
1112,2179034,"IPRATROPIO+FENOTEROL SOLUCION  P/NEBULIZAR 0,25/0,5 MG/ML",,398,Y
1113,2173984,SALBUTAMOL AEROSOL PARA INHALACION ORAL 100 MCG/DOSIS,,637,Y
1114,2170045,SALBUTAMOL 5 MG / ML SOLUCION PARA NEBULIZAR,,637,Y
1115,2170102xxx,SALBUTAMOL+IPRATROPIO  100 MCG/20 MCG,,819,Y
1116,P900001,SUERO HIPERTÓNICO PARA NEBULIZAR 3%,,648,Y
1117,2179036,"TIOTROPIO 2,5 MCG / OLODATEROL 2,5MCG",,697,Y
1118,2140718,ACIDO FOLINICO (CALCIO FOLINATO) COMPRIMIDO 15 MG,,116,Y
1119,2190036,ANASTRAZOL 1 MG CM,,55,Y
1120,2190000,CAPECITABINA COMPRIMIDO 500 MG,,120,Y
1121,2190149,CETUXIMAB 5MG/ML,,143,Y
1122,2190022,CICLOFOSFAMIDA CM 50 MG,,147,Y
1123,2195164,CICLOFOSFAMIDA POLVO LIOFILIZADO PARA SOLUCION INYECTABLE 500 MG,,147,Y
1124,2142600,EXEMESTANO COMPRIMIDO 25 MG,,287,Y
1125,2143225,HIDROXIUREA (HIDROXICARBAMIDA) CAPSULA 500 MG,,363,Y
1126,2190139,IFOSFAMIDA  SOLUCION INYECTABLE 3001-3500 MG,,369,Y
1127,2190126,IFOSFAMIDA SOLUCION INYECTABLE 2001-2500 MG,,369,Y
1128,2190138,IFOSFAMIDA SOLUCION INYECTABLE 2501-3000 MG,,369,Y
1129,2190140,IFOSFAMIDA SOLUCION INYECTABLE 3501-4000 MG,,369,Y
1130,2190151,IFOSFAMIDA SOLUCION INYECTABLE 4501-500 0MG,,369,Y
1131,2140098,IMATINIB 400 MG CM,,370,Y
1132,2160093xxx,MESNA SOLUCION INYECTABLE 400 MG/4 ML,,474,Y
1133,2190157,METOTREXATO 10 MG JERINGA PRELLENADA,,485,Y
1134,2170158,METOTREXATO 15 MG JERINGA PRELLENADA,,485,Y
1135,2190159,METOTREXATO 20 MG JERINGA PRELLENADA,,485,Y
1136,2190011,"METOTREXATO 2,5 MG",,485,Y
1137,2190155,METOTREXATO SOLUCION INYECTABLE 50 MG/2 ML,,485,Y
1138,2191156,MITOMICINA SOLUCION INYECTABLE 20 MG,,494,Y
1139,2170617,RITUXIMAB SOLUCION INYECTABLE 500 MG/50 ML,,629,Y
1140,2190020,TAMOXIFENO 20MG CM,,670,Y
1141,2160451,ACIDO ZOLENDRONICO 4MG/5ML SOL. INYECTABLE,,24,Y
1142,2160404,FILGRASTIM 300 MCG/1 ML,,302,Y
1143,2140016xxx,MESNA COMPRIMIDO 400 MG,,474,Y
1144,2629972,INHIBIDOR C ESTEARASA HUMANA POLVO LIOFILIZADO PARA SOLUCION INYECTABLE 500 UI,,799,Y
1145,2110184,AGUA OXIGENADA 10 V,,833,Y
1146,2119026,ALCOHOL  ETILICO DESNAT. 70% FCO 250 ML,,35,Y
1147,2110323,"ALCOHOL ABSOLUTO 99,4% 10 ML AMPOLLA",,34,Y
1148,2112514,ALCOHOL GEL 70% 500 ML,,839,Y
1149,2529056,"CLORHEXIDINA DIGLUCONATO COLUTORIO 0,12%",,181,Y
1150,2150094,CLORHEXIDINA SOLUCIÓN ACUOSA 2% 125 ML,,181,Y
1151,2111250,PERMETRINA 1% SHAMPOO,,573,Y
1152,2176902,POVIDONA YODADA 10%,,599,Y
1154,2160034,FUROSEMIDA 20 MG/1 ML SOL. INYECTABLE,,333,Y
1155,2170041,FUROSEMIDA SOLUCION ORAL 10 MG/ML,,333,Y
1156,2140004xxx,TOLTERODINA 2 MG COMP,,702,Y
1157,2147960,ESPIRONOLACTONA COMPRIMIDO 25 MG,,265,Y
1158,2180022,MANITOL SOLUCION INYECTABLE 15% 500 ML,,462,Y
1159,2140133,HIDROCLOROTIAZIDA COMPRIMIDO 50 MG,,359,Y
1160,2140047,DONEPECILO 10 MG COMP.,,237,Y
1161,2140396,MEMANTINA 10 MG COMPRIMIDO RECUBIERTO,,469,Y
1162,2140610,MEMANTINA 20 MG COMP.REC.,,469,Y
1164,2160076,"SODIO BICARBONATO 8,4 % 10 ML SOL. INYECTABLE",,91,Y
1165,2160010,CALCIO GLUCONATO 10% 10 ML SOL. INYECTABLE,,117,Y
1166,2164740,FOSFATO MONOPOTÁSICO 15% 10 ML AMPOLLA,,791,Y
1167,2160051xxx,GLUCOSA 30 % 10 ML AMPOLLA,,349,Y
1168,2180016,S.P. GLUCOSA 5% 500 ML,,349,Y
1169,2180014,S.P. GLUCOSA 10% 500 ML,,349,Y
1170,2180004,S.P GLUCOSA 30% 500 ML,,349,Y
1171,2180018,S.P. GLUCOSA 5% 250 ml,,349,Y
1172,2169016,OLIGOELEMENTOS,,537,Y
1173,2156401,POLIESTIRENO SULFONATO CALCICO GRAMOS,,587,Y
1174,2146816,POTASIO CLORURO CAPSULA LIBERACION PROLONGADA 600 MG,,596,Y
1175,2160061,"POTASIO CLORURO SOLUCION INYECTABLE 10,00% 10 ML",,596,Y
1176,2170043,"POTASIO GLUCONATO ELIXIR 31,2% SOL. ORAL 200 ML",,598,Y
1177,2188492,RINGER LACTATO SOLUCION INYECTABLE 1000 ML,,626,Y
1178,2188491,RINGER LACTATO SOLUCION INYECTABLE 500 ML,,626,Y
1179,2160419,SODIO CLORURO 10% 10 ML,,648,Y
1180,2181049,"SODIO CLORURO SOLUCION INYECTABLE 0,9%/ 5000 ML",,648,Y
1181,2180046,"S.P. SODIO CLORURO 0,9% X 3000 ML",,648,Y
1182,2188420XX,"SODIO CLORURO SOLUCION INYECTABLE 0,90% / 100 MLXX",,648,Y
1184,2160066,"SODIO CLORURO SOLUCION INYECTABLE 0,90% / 20 ML",,648,Y
1185,2189013,"SODIO CLORURO SOLUCION INYECTABLE 0,90% / 250 ML",,648,Y
1186,2188426,"SODIO CLORURO SOLUCION INYECTABLE 0,90% / 500 ML",,648,Y
1187,2160065,SODIO CLORURO SOLUCION INYECTABLE 10% / 20 ML,,648,Y
1188,2188431,SP SODIO CLORURO 0.9% 1000 MATRAZ,,648,Y
1189,2160071,VASELINA LIQUIDA ESTERIL SOL INYECTABLE 10 ML,,745,Y
1190,2160031xxx,VASELINA LIQUIDA ESTERIL AMPOLLA 5ML,,745,Y
1191,2144545,ALENDRONATO COMPRIMIDO 70 MG,,11,Y
1192,2179027,BUDESONIDA AEROSOL PARA INHALACION ORAL 200 MCG/DOSIS,,105,Y
1193,2130092,DEXAMETASONA FOSFATO DISODICO 4 MG SOL. INYECTABLE,,220,Y
1194,2171235,FLUTICASONA AEROSOL PARA INHALACION ORAL 50 MCG,,322,Y
1195,2172147,TRIAMCINOLONA 40 MG/ML COLIRIO,,713,Y
1196,2160039xxx,TRIAMCINOLONA SOLUCION INYECTABLE 20 MG,,713,Y
1197,2141254,ATORVASTATINA 40 MG COMPRIMIDO,,68,Y
1198,2140029,ATORVASTATINA 10 MG,,68,Y
1199,2140125,GEMFIBROZILO COMPRIMIDO 600 MG,,340,Y
1200,2140416,BICALUTAMIDA 150 MG CM,,90,Y
1201,2140012,BICALUTAMIDA 50 MG COMP. REC,,90,Y
1202,2141415,CINACALCET COMPRIMIDO 30 MG,,153,Y
1203,2140401,CINACALCET COMPRIMIDO 60 MG,,153,Y
1204,2191005,DEGARELIX SOLUCION INYECTABLE JERINGA 120 MG,,214,Y
1205,2191004,DEGARELIX SOLUCION INYECTABLE JERINGA 80 MG,,214,Y
1206,2160143,"GOSERELINA 10,8 MG IMPLANTE SUBCUTANEO DE LIBERACION PROLONGADA",,352,Y
1207,2140820,"LETROZOL COMPRIMIDO 2,5 MG",,433,Y
1208,2142445,LIOTIRONINA 25 MCG,,806,Y
1209,2160405,"OCTREOCTIDE 0,1 MG/ML SOLUCION INYECTABLE",,535,Y
1210,2160120,"TRIPTORELINA 11,25 MG",,718,Y
1211,2160445,"TRIPTORELINA 22,5 MG",,718,Y
1212,2172146,LAGRIMAS ARTIFICIALES SOLUCION OFTALMICA 0.15%,,419,Y
1213,2169060,ILOPROST SOLUCION PARA NEBULIZACION 10 MCG/ML,,780,Y
1214,2140002,ACETAZOLAMIDA 250 MG,,6,Y
1215,2628200,"INMUNOGLOBULINA ANTI- RHO SOLUCION INYECTABLE 0,25 - 0,3 MG",,378,Y
1216,NOEXISTE26,INMUNOGLOBULINA HUMANA SOLUCION INYECTABLE 5 GR/100 ML,,380,Y
1217,2160174,"ADALIMUMAB SOLUCION INYECTABLE 20 MG/ 0,2 ML",,26,Y
1218,2160443-ID-LRS,"ADALIMUMAB 40 MG /0,8 ML (IDACIO)LRS",,26,Y
1219,2190001,AZATIOPRINA COMPRIMIDO 50 MG,,74,Y
1220,2170306,BELIMUMAB 120 MG POLVO PARA SOLUCION INYECTABLE,,772,Y
1221,2170305,BELIMUMAB 400 MG  POLVO PARA SOLUCION INYECTABLE,,772,Y
1222,NOEXISTE28,"BEVACIZUMAB 1,25 MG/0,05 ML JERINGA PRELLENADA",,773,Y
1223,2190907,CICLOSPORINA COMPRIMIDO 100 MG,,151,Y
1224,2192111,CICLOSPORINA COMPRIMIDO 25 MG,,151,Y
1225,2192112,CICLOSPORINA COMPRIMIDO 50 MG,,151,Y
1226,2190021,CICLOSPORINA 100 MG/ML SOLUCION NEORAL 50 ML,,151,Y
1227,NOEXISTE19,DIMETILFUMARATO 120 MG,,834,Y
1228,2140030xxx,DIMETILFUMARATO 240 MG,,834,Y
1229,2629970,ETANERCEPT SOLUCION INYECTABLE 25 MG,,277,Y
1230,2160142,ETANERCEPT 50 MG SOL. INYECTABLE JERINGA PRELLENADA (ENBREL) PM,,277,Y
1231,2140528,"FINGOLIMOD CAPSULA 0,5 MG",,303,Y
1232,2140154,LEFLUNOMIDA COMPRIMIDO 20 MG,,432,Y
1233,2190002,MICOFENOLATO COMPRIMIDO 250 MG,,488,Y
1234,2140407,MICOFENOLATO COMPRIMIDO 500 MG,,488,Y
1235,2171548,"TACROLIMUS 0, 1% UNGÜENTO DÉRMICO",,667,Y
1236,2143008xx,TACROLIMUS COMPRIMIDO 1 MG,,667,Y
1237,2174529,FOSFATO SODICO ( FLEET FOSFOSODA ) SOLUCION ORAL GENERAL,,328,Y
1238,2179048,FOSFATO SODICO ENEMA GENERAL,,328,Y
1239,2179049,FOSFATO SODICO ENEMA PEDIATRICO,,328,Y
1240,2179884,LACTULOSA SOLUCION ORAL 65%/200 ML,,418,Y
1241,2160083,MAGNESIO SULFATO SOLUCION INYECTABLE 25% 5 ML,,461,Y
1242,2150020,PEG 3350,,588,Y
1243,2200008,PEG 4000,,588,Y
1244,2173120,POLIETILENGLICOL 3350 SOBRE 17 G,,588,Y
1245,2150006,POLIETILENGLICOL POLVO,,815,Y
1246,2116855,VASELINA LÍQUIDA MEDICINAL FRASCO 250 ML,,746,Y
1247,2120071,TAPENTADOL 50MG CM LIB. PROLOGADA,,825,Y
1248,2140068,CLOPIDOGREL 75 MG,,174,Y
1249,2162432,DIPIRIDAMOL 10 MG/2ML,,785,Y
1250,2169022,ESTREPTOQUINASA SOLUCION INYECTABLE 1.500.000 UI,,273,Y
1251,2130030xxx,"ACETATO DE FLUDROCORTISONA COMPRIMIDO 0,1 MG",,309,Y
1252,2130710,BETAMETASONA SOLUCION INYECTABLE 4 MG/ML,,87,Y
1253,2160109xxx,BETAMETASONA SUSPENSION PARA INYECTABLE 3 MG/3MG/ML,,87,Y
1254,2130089,DEFLAZACORT 30 MG,,782,Y
1255,2142224,DEFLAZACORT 6 MG,,782,Y
1256,2149126,DEXAMETASONA COMPRIMIDO 4 MG,,220,Y
1257,2130130,HIDROCORTISONA COMPRIMIDO 20 MG,,360,Y
1258,2131458,HIDROCORTISONA POLVO LIOFILIZADO PARA SOLUCION INYECTABLE 100 MG,,360,Y
1259,2131468,HIDROCORTISONA POLVO LIOFILIZADO PARA SOLUCION INYECTABLE 500 MG,,360,Y
1260,2136905,METILPREDNISOLONA ACETATO SOLUCION INYECTABLE 40 MG/ML,,808,Y
1261,2139017,METILPREDNISOLONA POLVO LIOFILIZADO PARA SOLUCION INYECTABLE 500 MG,,809,Y
1262,2130025xxx,METILPREDNISOLONA SUCCINATO SOLUCION INYECTABLE 125 MG,,809,Y
1263,2139021,METILPREDNISOLONA SUCCINATO SOLUCION INYECTABLE 40 MG/ML,,809,Y
1264,2130187,PREDNISONA COMPRIMIDO 20 MG,,604,Y
1265,2136910,PREDNISONA COMPRIMIDO 5 MG,,604,Y
1266,2130217,PREDNISONA 20 MG / 5 ML.,,604,Y
1267,2120002,"ALPRAZOLAM COMPRIMIDO 0,5 MG",,38,Y
1268,2140026,AMITRIPTILINA 25 MG,,49,Y
1269,2129003,BROMAZEPAM 3 MG,,778,Y
1270,2140038,BUPROPION CM 150 MG (ANFEBUTAMONA CLORH.),,109,Y
1271,2140071,CITALOPRAM COMPRIMIDO 20 MG,,160,Y
1272,2120007,CLOBAZAM 10 MG CM,,166,Y
1273,2129008,"CLONAZEPAM 2,5 MG/ML SOLUCION ORAL",,171,Y
1274,2120008,"CONT. CLONAZEPAM 0,5 MG",,171,Y
1275,2120009,CLONAZEPAM 2 MG,,171,Y
1276,2120013,DIAZEPAM 10 MG,,223,Y
1277,2120015,DIAZEPAM SOLUCION INYECTABLE 10 MG/2 ML,,223,Y
1278,2140360,DULOXETINA 30 MG,,841,Y
1279,2149011,FLUOXETINA COMPRIMIDO 20 MG,,319,Y
1280,2143900,IMIPRAMINA CLORHIDRATO COMPRIMIDO 25 MG,,373,Y
1281,2120066,LORAZEPAM SOLUCION INYECTABLE 4 MG/ 2 ML,,456,Y
1282,2140211,PAROXETINA 20 MG,,562,Y
1283,2140238,SERTRALINA 50 MG,,643,Y
1284,2140259,TRAZODONE 100 MG,,712,Y
1285,2140263,VENLAFAXINA 75 MG,,749,Y
1286,2620014,APIDRA INSULINA GLULISINA HUMANA 100UI/ML 3ML,,383,Y
1287,2140050,EMPAGLIFLOZINA 10 MG CMR,,786,Y
1288,2140051,EMPAGLIFLOZINA 25 MG CMR,,786,Y
1289,2143200,GLIBENCLAMIDA COMPRIMIDO 5 MG,,343,Y
1290,2620023,GLUCAGON 1 MG/1 ML JERINGA PRELLENADA,,345,Y
1291,2182336,GLUTAMINA 20 % 100 ML FA,,350,Y
1292,2620012,INSULINA ANALOGA DE ACCION PROLONGADA (TIPO GLARGINA) LAPIZ PRELLENADO 100 UI/ML,,382,Y
1293,2622509,INSULINA ASPARTA RECOMBINANTE PENFILL 100 UI/ML,,800,Y
1294,2160079,INSULINA CRISTALINA HUMANA (ADN R) 100 IU/ML X FA 10 ML,,384,Y
1295,2620020,INSULINA DEGLUDEC 100 UI/ML (LAPIZ PRE - LLENADO 3 ML),,386,Y
1296,2620021,"INSULINA GLARGINA 300 UI/ 1,5 ML (LAPIZ PRELLENADO)",,382,Y
1297,2160080,INSULINA NPH (ISOFANA) SOLUCION INYECTABLE 100 UI/ML,,388,Y
1298,2140177,METFORMINA CLORHIDRATO 850 MG,,477,Y
1299,2149092,VILDAGLIPTINA 50 MG/METFORMINA 1000 MG,,830,Y
1300,2141920,DISULFIRAM COMPRIMIDO 500 MG,,232,Y
1301,NOEXISTE14,ALPROSTADIL SOLUCION INYECTABLE 500 MCG/ML,,39,Y
1302,2160071xx,INDOMETACINA POLVO LIOFILIZADO PARA SOLUCION INYECTABLE 1 MG,,375,Y
1303,2160018,DOBUTAMINA 250 MG/5 ML,,233,Y
1304,2150011,CARBON ACTIVADO POLVO  GRAMOS,,125,Y
1305,2170022,LACTOBACILLUS REUTERI 20 MILLONES UFC/GOTA,,416,Y
1306,2140162,LOPERAMIDA (CLORHIDRATO) COMPRIMIDO 2 MG,,453,Y
1307,2147740,SALES DE REHIDRATACION ORAL SOLUCION ORAL 60 MEQ DE SODIO/LITRO,,638,Y
1308,2147741,SALES DE REHIDRATACION ORAL SOLUCION ORAL 90 MEQ DE SODIO/LITRO,,638,Y
1309,2120004,ANFETAMINA CM 10 MG,,56,Y
1310,2120011,METILFENIDATO 10 MG LIB. PROLONGADA,,482,Y
1311,2144910,LEVOTIROXINA SODICA COMPRIMIDO 100 MCG,,443,Y
1312,2146860,PROPILTIOURACILO COMPRIMIDO 50 MG,,611,Y
1313,2200014,SOLUCIÓN LUGOL,,822,Y
1314,2145611,TIAMAZOL 10 MG COMP.,,685,Y
1315,2161664,IOPRAMIDA  SOLUCION INYECTABLE 300 MG/ML,,802,Y
1316,2179114,FLUORESCEINA SOLUCION OFTALMICA 2%,,314,Y
1317,2170511,"ATROPINA SOLUCION OFTALMICA 1,00%",,72,Y
1318,2160042XX,"FENILEFRINA SOLUCION INYECTABLE 0,90%",,293,Y
1319,2170034,"FENILEFRINA SOLUCION OFTALMICA 2,50% / 5 ML",,293,Y
1320,2179115,TROPICAMIDA SOLUCION OFTALMICA 10 MG/ML,,719,Y
1321,NOEXISTE27,"ADAPALENO 0,1%",,27,Y
1322,2170027,"ADAPALENO 0,3%",,27,Y
1325,2160106XX,AGUA BIDESTILADA 10 ML,,29,Y
1326,2160105XX,AGUA BIDESTILADA ESTERIL AGUA APIROGENICA PRO INYECTABLE GENERAL,,29,Y
1327,2180008,AGUA BIDESTILADA SOLUCION INYECTABLE 500 ML,,29,Y
1328,2160111xxx,AZUL DE ISOSULFAN 1%,,770,Y
1329,2160021xxx,AZUL DE METILENO 1% SOLUCIÓN ESTÉRIL,,77,Y
1330,NOEXISTE13,CAFEINA CITRATO 10 MG/50 ML SOLUCION ORAL,,777,Y
1331,2140048,CALCIO CARBONATO COMPRIMIDO 500 MG,,113,Y
1332,2140424,ELTROMBOPAG 25 MG CM,,832,Y
1333,2140116,FLUNARIZINA 10 MG COMPRIMIDO,,312,Y
1334,2170025,GUSELKUMAB 100 MG,,842,Y
1335,2170035xxx,HIALURONATO SODICO 80 MG/50 ML,,796,Y
1336,2178545,OXIBUTININA  5 MG/5ML,,544,Y
1337,2140207,OXIBUTININA COMPRIMIDO 5 MG,,544,Y
1338,2200007,PASTA LASSAR CREMA TOPICA GENERAL,,563,Y
1339,2189008,SOLUCION PARA IRRIGACION VESICAL SOLUCION PARA IRRIGACION GENERAL,,652,Y
1340,2159003,SUBGALATO DE BISMUTO MATERIA PRIMA,,823,Y
1341,P900004,"VACUNA ANTIHEPATITIS B SUSPENSION PARA INYECTABLE 10 MCG/0,5 ML",,725,Y
1342,P900002,"VACUNA ANTIRRABICA SOLUCION INYECTABLE 2,5 UI/1 ML",,729,Y
1343,P900003,"VACUNA ANTITETANICA SOLUCION INYECTABLE 2 UI - 40 UI/0,5 ML",,735,Y
1344,2150027,VASELINA SÓLIDA UNGÜENTO 100 G,,747,Y
1345,2200011,VASELINA SOLIDA UNGÜENTO 30 G POTE,,747,Y
1346,2140435,MIFEPRISTONA 200 MG COMP,,490,Y
1347,2140033,ARIPIPRAZOL COMPRIMIDO 10 MG,,62,Y
1348,2140034,ARIPIPRAZOL 15 MG,,62,Y
1349,2200006,CLORAL HIDRATO  500 MG POLVO,,175,Y
1350,2201315,CLORAL HIDRATO 10%/100 ML JARABE,,175,Y
1351,2201316,CLORAL HIDRATO 5%/100 ML JARABE,,175,Y
1352,2201317,CLORAL HIDRATO DROGA 10%/100 ML SOLUCION,,175,Y
1353,2201318,CLORAL HIDRATO DROGA 5%/100 ML SOLUCION,,175,Y
1354,2129012,CLORAL HIDRATO DROGA USP POLVO G,,358,Y
1355,2140077,CLORPROMAZINA 100MG,,184,Y
1356,2160138,CLORPROMAZINA CLORHIDRATO 25 MG/2 ML SOL. INYECTABLE,,184,Y
1357,2140080,CLOZAPINA 100 MG,,189,Y
1358,2160032,FLUFENAZINA DECANOATO 250 MG/ 10ML,,310,Y
1359,2140130,HALOPERIDOL COMPRIMIDO 1 MG,,354,Y
1360,2140131,HALOPERIDOL COMPRIMIDO 5 MG,,354,Y
1361,2160036,HALOPERIDOL 5 MG/1ML SOL. INYECTABLE,,354,Y
1362,2145613,LITIO CARBONATO COMPRIMIDO 450 MG,,451,Y
1363,2140042xxx,OLANZAPINA BUCODISPENSABLE 10 MG,,536,Y
1364,2160392XXX,OLANZAPINA 10 MG XXX,,536,Y
1365,2140224,QUETIAPINA COMPRIMIDO 100 MG,,617,Y
1366,2140226,QUETIAPINA COMPRIMIDO 25 MG,,617,Y
1367,2160439,RISPERIDONA 25 MG FA,,627,Y
1368,2140231,RISPERIDONA COMPRIMIDO 1 MG,,627,Y
1369,2141225,RISPERIDONA COMPRIMIDO 3 MG,,627,Y
1370,2160118,RISPERIDONA 37.5MG JP,,627,Y
1372,2140206,SULPIRIDA COMPRIMIDO 300 MG,,662,Y
1373,2142212,ZIPRASIDONA 20MG CM,,764,Y
1374,2140268,ZIPRASIDONA 40 MG,,764,Y
1375,2140009,ACIDO URSODEOXICOLICO 250 MG CP (URSOFALK),,22,Y
1376,2170042,ACIDO URSODEOXICOLICO 250 MG/ 5 ML SUSPENSION PM,,22,Y
1377,2200010,BICARBONATO DE SODIO  1 G,,91,Y
1378,2179025,BUDESONIDA + FORMOTEROL 160 MCG /4.5 MCG DOSIS,,106,Y
1379,2140043,"CABERGOLINA COMPRIMIDO 0,5 MG",,111,Y
1380,2142008,CALCIO ACETATO COMPRIMIDO 667 MG,,112,Y
1381,2171231,FLUTICASONA + SALMETEROL AEROSOL PARA INHALACION ORAL 125 MCG/25 MCG,,323,Y
1382,2171232,FLUTICASONA + SALMETEROL AEROSOL PARA INHALACION ORAL 250 MCG/25 MCG,,323,Y
1383,2170144,IMIQUIMOD 5% CREMA 5GR,,843,Y
1385,2145430,NEOSTIGMINA COMPRIMIDO 15 MG,,514,Y
1386,2160052,"NEOSTIGMINA SOLUCION INYECTABLE 0,5 MG/ML",,514,Y
1387,2130005XXX,PALIVIZUMAB POLVO LIOFILIZADO PARA SOLUCION INYECTABLE 50 MG,,553,Y
1388,2146614,PANCREOLIPASA CAPSULA 10.000/33.200/37.500 UI,,556,Y
1389,2146615,PANCREOLIPASA CAPSULA 25.000/74.700/62.500 UI,,556,Y
1390,2140214,PIRIDOSTIGMINA BROMURO 60 MG,,581,Y
1391,2160078XXX,LRS INMUNOGLOBULINA 20% SOL. INYECTABLE SUBCUTANEA 20 ML,,380,Y
1392,2200015,SOLUCIÓN COLONOSCOPIA,,820,Y
1393,2169036,SURFACTANTE PULMONAR BOVINO SOLUCION INYECTABLE 25 MG/ML,,665,Y
1394,NOEXISTE23,"TAMSULOSINA 0,4 MG /DUTASTERIDE 0,5 MG CÁPSULAS",,672,Y
1395,2142111,"TAMSULOSINA CAPSULA 0,4 MG",,671,Y
1396,2140087,"DESMOPRESINA COMPRIMIDO 0,2 MG",,218,Y
1397,2173000,DESMOPRESINA SOLUCION INTRANASAL 100 MCG/ML,,218,Y
1398,2160127,SOMATROPINA 15-16 UI,,654,Y
1399,2180617,AMINOACIDOS SOLUCION INYECTABLE 10% 100 ML,,45,Y
1400,2180011,S.P AMINOACIDOS PARENTERALES 10% 500 CC,,45,Y
1401,P900007,CALCIO CARBONATO POLVO 1 G,,113,Y
1402,2170013,CALCIO GLUCONATO GRANULADO 10% FC 100 GR,,117,Y
1403,2181010,"LIPIDOS EMULSION PARA INFUSION IV 20,00%",,449,Y
1404,2182340,"NUTRICION PARENTERAL 4,25/5 (PERIS)",,532,Y
1405,2182339,NUTRICION PARENTERAL 5/15 (CENTRAL O PLUS),,532,Y
1406,2182338,NUTRICION PARENTERAL CON LÍPIDOS CENTRAL 1.5L BOLSA,,532,Y
1407,2182337,NUTRICION PARENTERAL CON LIPIDOS CENTRAL 1L BOLSA,,532,Y
1408,2182333,NUTRICION PARENTERAL CON LIPIDOS PERIFÉRICO 2000CC,,532,Y
1409,2252258XX,NUTRICION PARENTERAL PERIFERICAXX,,532,Y
1410,2160128,"CARBETOCIN SOLUCION INYECTABLE 0,1 MG/ML",,124,Y
1411,2176013,DINOPROSTONA 10 MG,,784,Y
1412,2160025,"ERGOMETRINA MALEATO 0,2 MG/1 ML SOL. INYECTABLE",,257,Y
1413,2160058,OXITOCINA SINTETICA 5 UI/1 ML SOL. INYECTABLE,,550,Y
1414,2169023,"ALBUMINA HUMANA SOLUCION INYECTABLE 20,00% 50 ML",,33,Y
1415,2169025,ALBUMINA HUMANA SOLUCION INYECTABLE 5% 500 ML,,33,Y
1416,2620050,FACTOR ANTIHEMOFILICO VIII HUMANO POLVO LIOFILIZADO PARA SOLUCION INYECTABLE 1000 - 1500 UI,,291,Y
1417,2620055,FACTOR ANTIHEMOFILICO VIII HUMANO POLVO LIOFILIZADO PARA SOLUCION INYECTABLE 200-300 UI,,291,Y
1418,2620047,FACTOR ANTIHEMOFILICO VIII HUMANO POLVO LIOFILIZADO PARA SOLUCION INYECTABLE 500-600 UI,,291,Y
1419,2180003,HIDROXIETILALMIDON 6% BOL/FRA 500ML (SUST. DEL PLASMA),,362,Y
1421,2140309,PROGESTERONA 200 MG,,608,Y
1422,2628580,"ATRACURIO BESILATO 25 MG/2,5 ML",,71,Y
1423,2140035,BACLOFENO 10 MG,,80,Y
1424,2140061,CICLOBENZAPRINA 10 MG,,146,Y
1425,2160014,DANTROLENO SODICO LIOFILIZADO 20 MG,,204,Y
1426,2160102,ROCURONIO BROMURO AM 50 MG/5ML SOL. INYECTABLE,,632,Y
1427,2626430,SUXAMETONIO (SUCCINILCOLINA) SOLUCION INYECTABLE 100 MG/5 ML,,666,Y
1428,2622323,TOXINA BOTULINICA SOLUCION INYECTABLE 100 UI,,705,Y
1429,2169000,SUGAMMADEX SOLUCIÓN INYECTABLE 200 MG/2 ML,,657,Y
1430,2160113xxx,"ATOSIBAN 37,5 MG SOL.INFUSION AM/FAM 5ML",,69,Y
1431,2160116xxx,"ATOSIBAN 6,75 MG/0,9 ML SOL.INFUSION",,69,Y
1432,P900005,INMUNOGLOBULINA HUMANA ANTITETÁNICA PASTEURIZADA 250 UI/1 ML,,380,Y
1433,2140005,ACIDO ASCORBICO 100 MG,,12,Y
1434,4000108,ACIDO ASCORBICO 500 MG,,12,Y
1435,2140322xxx,CALCIO CARBONATO + VITAMINA D CAPSULA O COMPRIMIDO 1125 MG/400 UI,,114,Y
1436,2140019,"CALCITRIOL 0,25 MCG CM",,119,Y
1437,2140049,"CALCITRIOL 0,5 MCG",,119,Y
1438,NOEXISTE10,CALCITRIOL SOLUCION INYECTABLE 1 MCG/ML,,119,Y
1439,2200001,CARBONATO DE CALCIO 1 G POLVO,,113,Y
1440,2160031,FITOMENADONA 10MG/ML IM SOL INYEC ADM IM,,304,Y
1441,2160057xxx,"MULTIVITAMINICO HIDROSOLUBLE (VIT C, B1, B2, B3, B5, B6, B7, B9, B12)",,810,Y
1442,2160058xx,"MULTIVITAMINICO LIPOSOLUBLE (VIT A, D2, E, K1)",,811,Y
1443,2168081,"MULTIVITAMINICO LIPOSOLUBLE INFANT (VIT A, D2, E, K1)",,811,Y
1444,2140075,PIRIDOXINA 50 MG CP,,582,Y
1445,2146810,POLIVITAMINICO COMPRIMIDO GENERAL,,592,Y
1446,2179015,POLIVITAMINICO JARABE GENERAL,,592,Y
1447,2140073,"SUPLEMENTO MULTIVIT. C/VIT. A,D,E,K CAP.",,664,Y
1448,2160067,TIAMINA CLORHIDRATO 30 MG/ML SOL. INYECTABLE,,686,Y
1449,2175149,"VITAMINA A ,D ,E ,K , ZINC  SOL. PARA GOTAS ORALES",,754,Y
1450,2172652,VITAMINA D 200 UI SOL. ORAL,,754,Y
1451,2170069,VITAMINA ACD GOTAS,,756,Y
1452,2140400,ACETATO DE CALCIO 667 MG,,8,Y
1453,2140307,ACIDO ALENDRONICO 70 MG,,11,Y
1454,2140439,ACIDO URSODESOXICOLICO 500 MG,,22,Y
1455,2140015,ACIDO VALPROICO 250 MG CM,,23,Y
1456,2140016,ACIDO VALPROICO 500 MG CM,,23,Y
1457,2140020,ALOPURINOL 100 MG,,37,Y
1458,2160417,ALTEPLASE 1 MG/ML FA 50 ML,,875,Y
1459,2140417,AMINOACIDOS / ALFACETOANALOGOS DE AMINOACIDOS (KETOSTERYL),,45,Y
1460,2130024,AMOXICILINA 500 MG/5 ML SUSPENSIÓN ORAL 60 ML,,51,Y
1461,2130017,AMOXICILINA AC. CLAVULANICO 500 MG/125 MG,,52,Y
1462,2130026,AMPICILINA/ SULBACTAM 1000 MG/ 500 MG,,54,Y
1463,4000202,ANIDULAFUNGINA 100 MG,,58,Y
1464,2140423,ARIPIPRAZOL 5 MG,,62,Y
1465,2140363,ATOMOXETINA GRAMOS MAGISTRAL,,67,Y
1466,2140030,ATORVASTATINA 20 MG,,68,Y
1467,2140031,ATORVASTATINA 40 MG,,68,Y
1468,2140032,"ATROPINA 0,5 MG/PAPAVERINA 40 MG",,73,Y
1469,2160007,ATROPINA SULFATO 1 MG/1ML SOL. INYECTABLE,,876,Y
1470,2170005,ATROPINA SULFATO 1% SOL. OFTALMICA,,876,Y
1471,2130036,AZITROMICINA 200 MG/5 ML SUSPENSIÓN PEDIATRICA,,75,Y
1472,2130220,BACITRACINA - NEOMICINA UNGÜENTO DERMICO 20 GR,,79,Y
1473,2140410,BETAHISTINA DICLORHIDRATO 16 MG,,877,Y
1474,2130186,BETAMETASONA /LIDOCAÍNA /NEOMICINA/ POLIMIXINA B SOL. ÓTICA,,878,Y
1475,2130043,"BETAMETASONA 0,5 MG/1 ML GOTAS SOLUCION ORAL",,87,Y
1476,2130039,"BETAMETASONA DIPROPIONATO 0,05% CREMA DERMICA",,87,Y
1477,2130040,BETAMETASONA FOSFATO DISODICO 4 MG/ML AM 1 ML SOL. INYECTABLE,,879,Y
1478,2130042,BETAMETASONA FOSFATO SODICO / BETAMETASONA ACETATO 3 ML (RAPI-LENTO),,880,Y
1479,40400180146,"BEVACIZUMAB 2.5MG /0,1ML OFTALMICOJERINGA PRELLENADA",,773,Y
1480,2140403,"BISOPROLOL 2,5 MG",,97,Y
1481,2140402,"BRIMONIDINA TARTRATO 0,2% SOL. OFTALMICA",,100,Y
1482,2170012,BUDESONIDA 200 MCG INH. X 200 DOSIS,,105,Y
1483,2140415,"BUDESONIDA Y FUMARATO DE FORMOTEROL 160/4,5 MCG/DOSIS",,106,Y
1484,2140414,BUDESONIDA Y FUMARATO DE FORMOTEROL 320/9MCG/DOSIS,,106,Y
1485,2140046,CALCIO CARBONATO 500 MG/VITAMINA D 400 UI,,114,Y
1486,2170057,"CARBACHOL 0,01 % SOLUCION OFTALMICA",,122,Y
1487,4000141,CARBOMERO 940 - MANITOL (NICOTEARS - GEL OFTALMICO),,419,Y
1488,2140161,CARBONATO DE LITIO 300 MG,,451,Y
1489,2140057,"CARVEDILOL 6,25 MG",,127,Y
1490,2130047,CEFAZOLINA 1 GR,,130,Y
1491,2130058,CEFUROXIMO 500 MG,,140,Y
1492,2170123,CICLOPENTOLATO SOL OFT 1% 15 ML,,146,Y
1493,2140340,CILOSTAZOL 100 MG,,881,Y
1494,2130064,CIPROFLOXACINO 200 MG/100 ML SOL. INYECTABLE,,156,Y
1495,2130067,CIPROFLOXACINO SOL. OFT. 0.3 % 5 ML,,156,Y
1496,2170014,"CLOBETASOL PROPIONATO 0,05% CREMA DERMICA",,167,Y
1497,2140065,CLOMIPRAMINA 75 MG,,170,Y
1498,2140067,CLONIXINATO DE LISINA 125 MG,,173,Y
1500,2190045,CLORAMBUCILO CM 2 MG,,176,Y
1501,2170104,"CLORHEXIDINA GLUCONATO 0,12 % FRASCO 120-150 ML.",,882,Y
1502,2170017,CLORHEXIDINA JABON 2%,,882,Y
1503,2130221,"CLOTRIMAZOL /BETAMETASONA 0,5 MG/10 MG/GR CREMA DERMICA",,187,Y
1504,2130082,CLOTRIMAZOL 100 MG OVULOS,,187,Y
1505,2130080,CLOTRIMAZOL CREMA DERMICA 1 % 30 GR,,187,Y
1506,2130085,CLOXACILINA SODICA 500 MG FA,,188,Y
1507,2130243,COLISTINA 150 MG EQUIVALENTE A 4.500.000,,195,Y
1508,2160124,COMPLEJO COAGULANTE ANTI INHIBIDOR FACTOR VIII 1000 UI,,196,Y
1509,200190,CLOTIAZEPAM 5 MG,,186,Y
1510,2120026,FENTANILO 50 MCG/HR PARCHE TRANSDERMICO,,300,Y
1511,2120024,FENTANILO CITRATO 0.5 MG/10 ML SOL. INYECTABLE,,300,Y
1512,2120041,MIDAZOLAM 15 MG/3 ML SOL. INYECTABLE,,489,Y
1513,2120043,MIDAZOLAM 5 MG/1 ML SOL. INYECTABLE,,489,Y
1514,2120044,MIDAZOLAM 50/10 ML SOL. INYECTABLE,,489,Y
1515,2120045,MORFINA 30 MG LIBERACIÓN SOSTENIDA,,501,Y
1516,2120047,MORFINA CLORH. 10 MG/ML SOL. INYECTABLE,,501,Y
1517,2120070,TAPENTADOL 100 MG RETARD,,825,Y
1518,2110037,"DELTAMETRINA 0,02 G/PIPERONIL BUTOXIDO 2,5 G LOCION",,883,Y
1519,2110038,"DELTAMETRINA 0,02 G/PIPERONIL BUTOXIDO 2,5 G SHAMPOO",,883,Y
1520,2170021,DESMOPRESINA 10 MCG/DOSIS X 5 ML SOLUCION NASAL,,218,Y
1521,2130275,"DEXAMETASONA 0,7 MG IMPLANTE P/INY. INTRAVITREA",,220,Y
1522,2160415,DEXMEDETOMIDINA 100 MCG/ML,,221,Y
1523,2140092,DILTIAZEM 60 MG,,229,Y
1524,2160020,DOPAMINA 200 MG/5 ML,,238,Y
1525,2140420,DOXAZOCINA 2 MG,,241,Y
1526,2130236,DOXICICLINA MONOHIDRATO 50 MG,,243,Y
1527,2140361,DULOXETINA 60 MG,,841,Y
1528,2140411,"DUTASTERIDE 0,5 MG",,884,Y
1529,2620031,ERITROPOYETINA 4000 UI,,259,Y
1530,2140315,ESCITALOPRAM 10 MG,,261,Y
1531,2140102,ESCITALOPRAM 20 MG,,261,Y
1532,2140107,"ESTROGENOS CONJUGADOS 0,625 MG",,274,Y
1533,2160028,ETOMIDATO 20 MG/10 ML EMULSION INYECTABLE,,281,Y
1534,2160110,FENILEFRINA 10 MG/ML.,,293,Y
1535,2170097,"FENOTEROL/IPATROPIO 0,5/0,25 MG/ 1 ML SOL. P/NEBULIZAR",,398,Y
1536,2130120,"FLUDROCORTISONA ACETATO 0,1 MG",,309,Y
1537,2190005,FLUTAMIDA 250 MG,,321,Y
1538,2170096,FLUTICASONA PROPIONATO 125 MCG/DOSIS INHALADOR 120 DO,,322,Y
1539,2170039,FLUTICASONA/SALMETEROL 125/25 MCG/DO INHALADOR 120 DO,,323,Y
1540,2170108,FLUTICASONA/SALMETEROL 250/25 MCG/DO INHALADOR 120 DO,,323,Y
1541,2170083,FOSFATO SODIO MONOBASICO 19 GR /DIBASICO 7 GR. 133 ML (ENEMA ADULTO),,328,Y
1542,2140282,FUMARATO FERROSO 330 MG/VIT. B12 1MG/VIT.C 100MG /AC. FOLICO 2MG,,885,Y
1543,2130124,"GENTAMICINA 0,3% SOL. OFT. 5ML",,342,Y
1544,2130125,"GENTAMICINA 0,3% UNGÜENTO OFTALMICO",,342,Y
1545,2130126,GENTAMICINA 3MG - BETAMETASONA 1MG/ML FC 5 ML SOL. OFT,,342,Y
1547,2130122,GENTAMICINA 80 MG/2 ML,,342,Y
1548,2160035,GLUCOSA 30% 20 ML,,887,Y
1549,2190006,GRANISETRON 1 MG/1 ML AM,,888,Y
1550,2160090,HALOPERIDOL DECANOATO 50 MG/1ML,,354,Y
1551,2160037,HEPARINA SODICA 5000 UI/ML SOL. INYECTABLE 5ML,,356,Y
1552,2140134,HIDROCLOROTIAZIDA 25 MG - TRIAMTERENE 50 MG,,889,Y
1553,2130131,HIDROCORTISONA 1% 15 GR CREMA,,360,Y
1554,2130237,HIDROCORTISONA 1% LOCION pH 5,,360,Y
1555,2130132,HIDROCORTISONA SUCCINATO 100 MG,,360,Y
1556,2130133,HIDROCORTISONA SUCCINATO 500 MG,,360,Y
1557,2190023,HIDROXICARBAMIDA 500 MG,,363,Y
1558,2140115,HIERRO POLIMALTOSADO III GOTA 50 MG / ML,,301,Y
1559,2160098,HIERRO SACAROSA 100MG/5 ML SOL. INYECTABLE IV,,365,Y
1560,2140137,IBUPROFENO 200 MG,,367,Y
1561,2170106,IBUPROFENO 200 MG/5 ML SUSP. ORAL,,367,Y
1562,2160103,INMUNOGLOBULINA HUMANA ANTI-D 300 UG/2 ML (1500 UI),,378,Y
1563,2160447,INSULINA ASPARTA ADN RECOMB. 100 U/M LAPIZ PRELLENADO 3MLI,,800,Y
1564,2160458,INSULINA DEGLUDEC LAPIZ PRELLENADO 100 UI/ML 3ML,,386,Y
1565,2160086,INSULINA GLARGINA 100 UI/M X 10ML FA,,387,Y
1566,2160132,INSULINA GLARGINA 100 UI/ML LAPIZ PRELLENADO 3ML DESCH.,,387,Y
1567,2160461,"INSULINA GLARGINA 300UI/ML. LAPIZ 1,5ML",,387,Y
1568,2140322,ISOTRETINOINA 10 MG,,405,Y
1569,2130239,KETOCONAZOL 2% 100 ML SHAMPOO,,412,Y
1570,2160043,LABETALOL CLORHIDRATO 5 MG/ML AMP 20 CC SOL. INYECTABLE,,415,Y
1571,2140054,LACOSAMIDA 100 MG .COMP (ALDINAM),,890,Y
1572,4160188,LACTOBACILUS GOTAS PROBIOTICAS,,417,Y
1573,2170046,LACTULOSA 65% FC 200 ML,,418,Y
1574,NOEXISTE1,LENALIDOMIDA,,23,Y
1575,4050079,LEVETIRACETAM 100 MG/ML SOL. INYEC.,,434,Y
1576,2140155,LEVETIRACETAM 1000 MG,,434,Y
1577,2140151,LEVODOPA 200 MG/BENSERAZIDA 50 MG,,436,Y
1578,2140157,LEVODOPA 250 MG/CARBIDOPA 25 MG,,437,Y
1579,2130145,LEVOFLOXACINO 5 MG/ML INYECTABLE,,439,Y
1580,2140168,LEVOTIROXINA SODICA 25 MCG,,443,Y
1581,2140169,LEVOTIROXINA SODICA 50 MCG,,443,Y
1582,2160092,LIDOCAINA 2% CARPULE CON VASOCONSTRICTOR SOL. INYECTABLE,,444,Y
1583,2160093,LIDOCAINA CLORHIDRATO 2% AM 5 ML SOL. INYECTABLE,,444,Y
1584,2140395,LINAGLIPTINA CM 5 MG,,445,Y
1585,2130152,LINEZOLID 600 MG /300 ML,,448,Y
1586,2170127,LORATADINA 5 MG/5ML JARABE,,455,Y
1587,2150015,MAG. CARBON ACTIVADO,,125,Y
1588,2150017,GLUCOSA ANHIDRA POLVO GRAMOS,,887,Y
1589,4180144,"MAG. MITOMICINA SOL 0,02% FC 2,5 ML",,494,Y
1590,2170076,MAG. POLIESTIRENO SULFONATO CALCICO,,587,Y
1591,2150047,POLIETILENGLICOL 3350 10 G SOBRE,,588,Y
1592,2160094,"MEDROXIPROGESTERONA ACETATO 104 MG/0,65 ML",,465,Y
1593,2170032,MELATONINA 3 MG/ML FCO 30 ML,,466,Y
1594,2190024,MELFALAN CM 2 MG,,467,Y
1595,2140173,MELOXICAM 15 MG,,468,Y
1596,2170161,MESALAZINA 1000 MG SUPOSITORIO,,473,Y
1597,2140017,MESALAZINA1500 MG SOBRES C/GRANULOS DE LIB. PROLONG.,,473,Y
1598,2170028,METAMIZOL 250 MG SUPOSITORIO,,476,Y
1599,2140380,METFORMINA 1000 MG LP,,477,Y
1600,2140129,METFORMINA 500 MG/GLIBENCLAMIDA 5MG,,892,Y
1601,2130159,METILPREDNISOLONA 1 GR,,809,Y
1602,2130157,METILPREDNISOLONA ACETATO 40 MG POLVO LIOFILIZADO,,483,Y
1603,2170055,"METRONIDAZOL 0,75% GEL ACUOSO DERMICO",,487,Y
1604,2130165,METRONIDAZOL 500 MG SOL. INYECTABLE,,487,Y
1605,2140405,MIDODRINA 5 MG,,893,Y
1606,2140421,MIRTAZAPINA 15 MG,,492,Y
1607,2140181,MIRTAZAPINA 30 MG,,492,Y
1608,2170137,"MOMETASONA FUROATO 0,1% CREMA DERMICA",,497,Y
1609,2170148,MOMETASONA FUROATO 50 MCG / 140 DOSIS,,497,Y
1610,2140183,MONTELUKAST 10 MG,,500,Y
1611,2140184,MONTELUKAST 4 MG,,500,Y
1612,2130222,MOXIFLOXACINO 400 MG,,502,Y
1613,2130167,MUPIROCINA UNGUENTO DERMICO 2% 15 GR,,504,Y
1614,ELIMINAR ,ELIMINAR,,505,Y
1615,2140321,N-ACETILCISTEINA 600 MG,,7,Y
1616,2160089,N-BUTILBROMO DE ESCOPOLAMINA 20 MG /1ML,,894,Y
1617,2140193,NIFEDIPINO 20 MG CM LIB. PROLONGADA,,518,Y
1618,2160054,NITROGLICERINA 50 MG /10 ML SOL. INYECTABLE,,527,Y
1619,2160055,NOREPINEFRINA 4 MG/4 ML SOL. INYECTABLE,,529,Y
1620,2140198,NOSCAPINA 20 MG,,895,Y
1621,2190013,ONDANSETRON 4 MG/2 ML SOL. INYECTABLE,,541,Y
1622,2190012,ONDANSETRON 8 MG,,541,Y
1623,2190014,ONDANSETRON 8 MG/4 ML SOL. INYECTABLE,,541,Y
1624,2170063,OXIBUTININA CLORHIDRATO 5 MG/5 ML,,544,Y
1625,2170149,OXIMETAZOLINA CLORHIDRATO SOL. NASAL 0.05% X 15 ML,,549,Y
1626,2160469,PALIPERIDONA 100 MG/ML JP,,896,Y
1627,2160468,"PALIPERIDONA 150 MG/1,5ML JP",,896,Y
1628,2160471,"PALIPERIDONA 50 MG/0,5 ML JP",,896,Y
1629,2200212,"PALIPERIDONA 75 MG/0,75 ML JP",,896,Y
1630,2190015,PAMIDRONATO DISODICO 90 MG 30 ML,,554,Y
1631,2140294-ZE-PM,PANCREOLIPASA 25000 UI (ZENPEP)Â PM,,556,Y
1632,2140209,PARACETAMOL 500 MG,,559,Y
1633,2140208,PARACETAMOL 80-100 MG,,559,Y
1634,2140210,PARACETAMOL GOTAS 10% 15 ML,,559,Y
1636,2140213,PENTOXIFILINA 400 MG,,571,Y
1637,2170141,PEROXIDO BENZOILO 5% GEL DERMICO,,897,Y
1638,2170049,PICOSULFATO DE SODIO 75MG/ML GOTAS ORALES 10 ML,,649,Y
1639,2140412,PIRFENIDONA 267 MG,,898,Y
1641,2130001,ABACAVIR/LAMIVUDINA 600/300 MG PM,,421,Y
1642,2130279,ELVIT. 150MG/COBIC. 150MG/EMTRI. 200MG/TENOF. DIS. FUM. 300MG (STRIBILD) PM,,92,Y
1643,2130267,ELVITEGRAVIR /COBICISTAT/EMTRICITABINA/TENOFOVIR ALAFENAMIDA 150/150/200/10 MG (GENVOYA) PM,,250,Y
1644,2130274,EMTRICITABINA/RILPIRIVINA /TENOFOVIR 200/25/300 MG (COMPLERA) PM,,92,Y
1645,2130112,ETAMBUTOL CLORHIDRATO 400 MG PM,,276,Y
1647,2130154,LOPINAVIR 200 MG / RITONAVIR 50 MG PM,,454,Y
1648,2130171,NEVIRAPINA 10 MG/ML SUSP. ORAL (240 ML) PM,,515,Y
1649,2130172,NIFURTIMOX 120 MG PM,,519,Y
1650,2140295,PM PANCREATINA 150 MG 10.000 UI,,556,Y
1651,2160121,"RH-DORNASA-ALFA 2,5 MG/2.5ML SOL. P/NEB. PM",,622,Y
1652,2170117,SUPLEMENTO MULTIVITAMINICO A-D-E-K GOTAS PM,,503,Y
1653,2130226,TENOFOVIR / EMTRICITABINA / EFAVIRENZ 300/200/600 MG COMPRIMIDO,,768,Y
1654,2130229,TENOFOVIR DISOPROXIL FUMARATO 300 MG/ EMTRICITABINA 200 MG PM,,768,Y
1655,2130228,PM TOBRAMICINA 28 MG CAPSULAS PARA INHALACIÓN,,698,Y
1656,2130227,PM TOBRAMICINA 300 MG/5ML  SOL. P/NEBULIZAR,,698,Y
1657,2130213,ZIDOVUDINA 100 MG/5ML SUSP PEDIATRICA PM,,761,Y
1658,2130214,ZIDOVUDINA 200 MG/20 ML SOL. INYECTABLE PM,,761,Y
1659,2130235,POLIMIXINA B 10000 UI/BACITRACINA ZINC 500 UI,,661,Y
1660,2140217,POTASIO CLORURO LIB. SOST. 600MG,,596,Y
1661,2130188,PREDNISONA 5 MG,,604,Y
1662,2190016,PREGABALINA 150MG,,605,Y
1663,2170004,PROPIFENAZONA 220 MG / ADIFENINA CLORHIDRATO 25 MG (ANTIESPASMODICO SUP. PED.),,610,Y
1664,2170003,PROPIFENAZONA 440 MG / ADIFERINA 50 MG (ANTESPASMODICO SUP. ADULTO),,610,Y
1665,2160063,PROPOFOL 1% AMPOLLA 20 ML,,613,Y
1666,2170100,PSEUDOEFEDRINA/CLORFENAMINA 30/20 MG / 5ML JARABE,,905,Y
1667,2170033,"RACEPINEFRINA SOLN P/ INHALACIÓN 11,25 MG /0,5 ML",,255,Y
1669,2180013,S.P. GELATINA 4% 500 ML,,904,Y
1670,2180005,S.P. GLUCOSA 20% 500 ML,,887,Y
1671,2180015,S.P. GLUCOSA 5% 1000 ML,,887,Y
1672,2180019,S.P. GLUCOSALINO ISOTONICO 1000 ML,,349,Y
1673,2180009,S.P. RINGER LACTATO SOL. 3000 ML,,626,Y
1674,2140286,SACCHAROMYCES BOULARDII LIOFILIZADO 250 MG SACHET,,636,Y
1675,2140392,SACUBITRILO/VALSARTAN 100 MG,,742,Y
1676,2140393,SACUBITRILO/VALSARTAN 200 MG,,742,Y
1677,2140391,SACUBITRILO/VALSARTAN 50 MG,,742,Y
1678,2140234,SALES REHIDRATACION ORAL 60 MEQ,,638,Y
1679,2170009,SALICILATO DE METILO UNGÜENTO 30 GR,,639,Y
1680,2170082,SALMETEROL 25 MCG INHALADOR,,640,Y
1681,2190037,SECUKINUMAB 150 MG/1 ML JERINGA PRELLENADA,,642,Y
1683,2110032,SEVOFLUORANO FC 250 CC,,644,Y
1684,2170102,SODIO BIFOSFATO/FOSFATO SOL ORAL 48G/18G/100 ML,,903,Y
1685,2160129,SUCCINILCOLINA CLORURO 100 MG/5 ML REFRIGERADA,,666,Y
1686,2160418,SUGAMMADEX 200 MG/2ML SOL. INYECTABLE,,657,Y
1687,2170085,SULFADIAZINA DE PLATA 1% CREMA,,659,Y
1688,2130230,SULFAMETOXAZOL 200 MG./TRIMETOPRIM 40 MG/5ML SUSP. ORAL.,,902,Y
1689,2130200,SULFAMETOXAZOL 400 MG./TRIMETOPRIM 80 MG 5ML,,902,Y
1690,2130201,SULFAMETOXAZOL 400 MG./TRIMETOPRIM 80 MG CM,,902,Y
1691,2130216,SULFAMETOXAZOL 800MG./TRIMETOPRIM 160MG CM,,198,Y
1692,2170036,SULFATO FERROSO 125 MG/ML SOL. ORAL GOTAS,,301,Y
1693,2140241,SULPIRIDE 50 MG,,662,Y
1694,2143008,"TACROLIMUS 0,5 MG CM",,667,Y
1695,2190026,TALIDOMIDA 100 MG CM,,669,Y
1696,2140242,"TAMSULOSINA 0,4 MG",,671,Y
1697,2140349,"TAMSULOSINA/ DUTASTERIDE 0,4 MG/0,5 MG",,671,Y
1698,2170058,TENECTEPLASA 10.000 UI 50 MG,,675,Y
1699,2140319,TEOFILINA LIB. SOSTENIDA 250 MG,,679,Y
1700,4090064,TERLIPRESINA 1 MG LIOFILIZADO,,682,Y
1701,2160136,TESTOSTERONA UNDECANOATO 1 GR SOL. INYECTABLE,,683,Y
1702,2140331,TIAMAZOL 10 MG,,685,Y
1703,2140376,TIBOLONA 2.5 MG CM,,687,Y
1704,2170174,"TIMOLOL/TRAVOPROST 5 MG/0,04 MG/ 1 ML SOL. OFTALMICA",,691,Y
1705,2140253,TOPIRAMATO 25 MG,,703,Y
1706,2170151,"TRAVOPROST 0,004% 2,5 ML",,710,Y
1707,2170202,UMECLIDINIO /VILANTEROL 55/22 MCG INHALADOR,,901,Y
1708,2170186,UREA 10 % LOCION CREMA,,900,Y
1709,2620215,VACUNA BCG 30MG P/INSTALACION VESICAL,,899,Y
1710,2130246,VALACICLOVIR CLORHIDRATO 500 MG,,740,Y
1711,2140418,VANCOMICINA CP 250 MG,,743,Y
1712,2140399,VILDAGLIPTINA 50 MG,,911,Y
1713,2140406,VITAMINA D3 GOTAS 10 ML,,754,Y
1714,2160074,VITAMINAS B1 - B6 - B12 10000 UI/3 ML,,757,Y
1715,2170124,ZINC 5 MG/ML GOTAS ORALES,,762,Y
1716,2140287,ZINC COMPRIMIDOS 10 MG,,762,Y
1717,2120058,"ZOPICLONA 7,5 MG",,766,Y
1718,2160119,ZUCLOPENTIXOL DECANOATO 200 MG / ML,,767,Y
1719,2160422,IODIXANOL 320MG. 100ML FA,,392,Y
1720,2160407,IOHEXOL 300 MG. X 100 ML FA,,392,Y
1721,2160123,PM FACTOR VIII DE LA COAGULACION 500 UI/1000 UI,,291,Y
1722,2160038,DARATUMUMAB 400 MG/20 ML,,906,Y
1723,2130105,ERITROMICINA ETILSUCCINATO 500 MG,,258,Y
1724,2160044,"LANATÓSIDO C 0,4 MG/ML 2 ML SOL. INYECTABLE",,426,Y
1725,2140103,ESPIRONOLACTONA 25 MG,,265,Y
1726,2180029,OMEGA 3 (EPA 800 MG DHA 400 MG) CAP. BLANDA,,539,Y
1727,2160045,"DUPILUMAB 200 MG/1,14 ML JP",,907,Y
1728,2160047,DUPILUMAB 300 MG/2 ML JP,,907,Y
1729,2130170,NEVIRAPINA 200 MG PM,,515,Y
1730,2130173,NISTATINA 100.000 UI/ML SUSP. ORAL 24ML,,522,Y
1731,2140285,NITROFURANTOINA 100 MG MACROCRISTALES,,526,Y
1732,2160049,METOCLOPRAMIDA 10 MG/ 2 ML,,484,Y
1733,2160125,SODIO CLORURO 30 % X 250ML,,648,Y
1734,2160050,ESTERES ETILICOS AC GRASOS YODADO 480 MG/ML AM 10ML LIPIODOL,,908,Y
1735,2160097,METOTREXATO 25MG/ML SC,,485,Y
1736,2140112,FENITOINA SODICA 100MG,,294,Y
1737,2130041,ZIDOVUDINA JBE 200 ML PM,,761,Y
1738,2170002,N-ACETILCISTEINA 100MG/5ML JBE,,7,Y
1739,2170059,N-ACETILCISTEINA 100 MG / ML SOLUCION NEBULIZAR FCO 60ML,,7,Y
1740,2160051,"NALOXONA 0,4 MG SOL. INYECTABLE",,508,Y
1741,2120021,CONT. FENOBARBITAL 15 MG,,295,Y
1742,2170035,IPRATROPIO BROM. 20 MCG/FENOTEROL BROM. 50 MCG INH. PRES.,,397,Y
1743,2140114,FERROSO SULFATO 200 MG,,301,Y
1744,4040005,FITOMENADIONA 10 MG/1ML SOL INYECT ADM IV y ORAL,,304,Y
1745,2170093,TROPICAMIDA 1 % SOL OFTALMICA,,719,Y
1746,2170120,ETONOGESTREL 68 MG (IMPLANON NXT) IMPLANTE SUBCUTANEO,,282,Y
1747,2130010,ACICLOVIR 5% CREMA,,9,Y
1748,2160126,SODIO DIHIDROGENO FOSFATO 2H2O 1 KG,,910,Y
1749,2110036,VASELINA LIQUIDA MEDICINAL,,746,Y
1750,2140008,ACIDO IBANDRONICO 150 MG CM,,15,Y
1751,2140015-A,ACIDO VALPROICO 250 MG CM (ATEMPERATOR),,23,Y
1752,2170007,"BISMUTO SUBSALICILATO 17,5 MG/ML",,912,Y
1753,2140013,BUDESONIDA 3 MG C/GRANULOS GASTRORESISTENTES CP,,105,Y
1754,2160130,TETRACOSACTIDA 1MG/ML AMP,,913,Y
1755,2140022,"CANDESARTAN 16MG /12,5MG",,914,Y
1756,2170008,CARBAMAZEPINA 100 MG/5 ML 100 ML SUSP. ORAL,,123,Y
1757,2140027,CARBAMAZEPINA CR 400 MG LIBERACION SOSTENIDA,,123,Y
1758,2170006,ACIDO VALPROICO 250 MG / 5 ML JARABE 120 ML (DEPAKENE),,23,Y
1759,2160131,URAPIDIL 20MG / 5 ML,,720,Y
1760,2170015,"CARBOMERO 974P. GEL OFT.0,3%(LACRYVISC.)",,419,Y
1761,2170037,FLUORESCEINA 10 % 5 ML SOLUCION INYECTABLE,,314,Y
1762,2170001,ACIDO VALPROICO 375 MG/1 ML GOTAS 25 ML,,23,Y
1763,2140036,CETIRIZINA 10 MG COMP.,,142,Y
1764,2130007,CICLOSPORINA 100 MG X 50 ML NEORAL SOL. ORAL,,151,Y
1765,2140016-A,ACIDO VALPROICO 500 MG (ATEMPERATOR) CMR ENTERICO,,23,Y
1766,2140016-V,ACIDO VALPROICO 500 MG CM(VALCOTE),,23,Y
1767,2140117,FLUOXETINA 20 MG,,319,Y
1768,2140037,CLONIDINA 100 MCG COMP.,,172,Y
1769,2140039,"COLCHICINA 0,5 MG COMP.",,193,Y
1770,2170016,COMPLEJO VITAMINICO B1-B6-B12 JBE. FCO,,757,Y
1771,2160008,"BUPIVACAINA 0,5% 10 ML SOL. INYECTABLE",,107,Y
1772,2160012,CLORFENAMINA MALEATO 10 MG/1 ML SOL. INYECTABLE,,180,Y
1773,2160013,"ADRENALINA AUTOINYECTABLE 0,15 MG JP",,255,Y
1774,2170184,"ADAPALENO 0,1% GEL DERMICO",,27,Y
1775,2160056,OLIGOELEMENTOS SOL. INYECTABLE 2ML,,537,Y
1776,2140119,FUROSEMIDA 40 MG,,333,Y
1777,2120012,METILFENIDATO 20 MG LIBERACION PROLONGADA,,482,Y
1778,2160021,"DROPERIDOL 2,5 MG /1 ML 2 ML",,245,Y
1779,2120014,METILFENIDATO CLORHIDRATO 18MG COMP REC. LP.,,482,Y
1780,2140040,DAPAGLIFLOZINA 10 MG COM.REC,,205,Y
1781,2160133,VASOPRESINA 20 UI/ML,,915,Y
1782,2140042,DASATINIB 20 MG COMP,,211,Y
1783,2130245,AMOXICILINA AC.CLAVULANICO 400 MG/57 MG/5 ML SUSP.ORAL 60 ML,,52,Y
1784,2160134,VECURONIO BROMURO 10 MG X 10 ML (NORCURON),,748,Y
1785,2140044,DESMOPRESINA 0.1 MG COMP,,218,Y
1786,2170018,DICLOFENACO 50 MG SUPOSITORIO,,224,Y
1787,2140045,DIVALPROATO DE SODIO 500 MG (VALCOTE ER) COMP.,,23,Y
1788,2160135,VITAMINA D3 COLECALCIFEROL 50.000 UI,,754,Y
1789,2110033,"ESTRADIOL 0,5 MG /PULS GEL TRANSDERMICO",,787,Y
1790,2160140XXXXXX,LEVONORGESTREL 20 MCG/24 HR,,441,Y
1791,2140053,FENOFIBRATO 200 MG CP,,916,Y
1792,2160410,OLANZAPINA 10 MG,,536,Y
1793,213009-PM,LAMIVUDINA 10 MG/ML SOLN ORAL 100 - 240 ML PM,,420,Y
1794,2140055,LAMOTRIGINA 25 MG LAMICTAL,,425,Y
1795,2140059,LANZOPRAZOL 30MG GRANULOS REC. ENTERICO SO.,,428,Y
1796,2140062,LENALIDOMIDA 15 MG CP,,917,Y
1797,2140063,LEUCOVORINA 15 MG CM,,116,Y
1798,2140156-KO,LEVETIRACETAM 500 MG (KOPODEX),,434,Y
1799,2140448,LEVOCETIRIZINA 5 MG CM,,435,Y
1800,2170218,LEVOCETIRIZINA 5 MG/ML GOTAS,,435,Y
1801,2170031,LIDOCAINA 5 % PARCHE,,444,Y
1802,2160420,"ENOXAPARINA SODICA 20MG/0,2 ML JERINGA PRELLENADA",,253,Y
1803,2160421,"ENOXAPARINA SODICA 80 MG/0,8 ML JERINGA PRELLENADA",,253,Y
1804,2140066,MEDROXIPROGESTERONA ACETATO 5 MG COMP,,465,Y
1805,2140070,MESALAZINA 500 MG CAP.,,473,Y
1806,2140024,METFORMINA CLORHIDRATO 1 GR CMR LIB. PROLONGADA,,477,Y
1807,2140072,METILPREDNISOLONA 16 MG CM.,,483,Y
1809,2160100,MULTIVITAMINICO LIOFILIZADO 5ML (CERNEVIT) LIOFILIZADO 5ML,,503,Y
1810,2140082,"PRAMIPEXOL 1,5 MG LIB. PROLONGADA COMP.",,601,Y
1811,2140083,PROPAFENONA CLORHIDRATO 150 MG CM,,818,Y
1812,2170038,METRONIDAZOL 125 MG/5 ML FC 100 ML,,487,Y
1813,2140085,RACECADOTRILO 100 MG CAPS,,918,Y
1814,2140127,GLIBENCLAMIDA 5 MG,,343,Y
1815,2170125,LAGRIMAS ARTIFICIALES,,419,Y
1816,2130011,MINOCICLINA 100 MG CMR,,919,Y
1817,2140074,PANCREOLIPASA 10000 UI,,556,Y
1818,2140088,RASAGILINA 1 MG CM,,920,Y
1819,2130012,PM ABACAVIR 20 MG/ML SOL. ORAL 240 ML. (ZIAGEN),,2,Y
1820,2140078,ACIDO URSODEOXICOLICO 250 MG COMP PM,,22,Y
1821,4000189,LANSOPRAZOL 30 MG SOL. INYECTABLE,,428,Y
1822,2170047,SIMETICONA 4% GOTAS FRASCO,,646,Y
1823,2140425,LEVETIRACETAM 100 MG/ML SUSP. ORAL 120 ML (KOPODEX),,434,Y
1824,2160077-LRS,INMUNOGLOBULINA 10% SOL. INYECTABLE 50 ML LRS,,380,Y
1825,2160078-LRS,INMUNOGLOBULINA 20% SOL. INYECTABLE SUBCUTANEA 5 ML LRS,,380,Y
1826,2160105-AB-LRS,ABATACEPT 125MG/ML SOLN. INYECT LRS,,3,Y
1827,2160139-GO-LRS,"GOLIMUMAB 50MG/0,5ML SOL. INYECT LRS",,794,Y
1828,2160142-EN-PM,ETANERCEPT 50 MG JERINGAS PRELLENADAS (ENBREL 50 MG) PM,,277,Y
1829,2160139-LRS,"TOCILIZUMAB 162 MG/0,9ML LRS",,700,Y
1830,2160142-ER,ETANERCEPT 50 MG/ML JP (ERELZI),,277,Y
1831,2160142-ER-LRS,ETANERCEPT 50 MG/ML JP (ERELZI) LRS,,277,Y
1832,2160142-ER-PM,ETANERCEPT 50 MG/ML JP (ERELZI) PM,,277,Y
1833,2130021,ISONIAZIDA 300MG. COMP. PM,,402,Y
1834,2160442-HU,"ADALIMUMAB 40 MG/0,4 ML JER. PRELL. (HUMIRA)",,26,Y
1835,2130022,ISONIAZIDA 40 MG/ML SUSP. ORAL PM,,402,Y
1836,2170048,SUCRALFATO SUSP. ORAL 10% X 200 ML,,922,Y
1837,2170050,SULPIRIDA SOLUCION 0.5 % X 120 ML.,,662,Y
1838,3500004,SUPLEMENTO RENAL NEPRO 237 ML,,923,Y
1839,2130027,MARAVIROC 300 MG CMR PM,,463,Y
1840,2170053,TEOFILINA 80 MG 15 ML,,679,Y
1841,2160442-HU-PM,"ADALIMUMAB 40 MG /0,4 ML (HUMIRA) PM",,26,Y
1842,2130028,OSELTAMIVIR 6 MG/ML SUSP. ORAL 200 ML (TAMIFLU) PM,,542,Y
1843,2130223,"TOBRAMICINA 0,3 % + DEXAMETASONA 0,1% SOL. OFT.",,699,Y
1844,2140079,PANCREATINA 300 MG 25.000 UI (CREON) PM,,555,Y
1845,2140081,PIRIMETAMINA 25 MG CM PM,,583,Y
1847,NOEXISTE21,NOEXISTE21,,253,Y
1848,2160023,"ENOXAPARINA SODICA 60 MG/0,6 ML JERINGA PRELLENADA",,253,Y
1849,2140140,IMIPRAMINA 25 MG,,373,Y
1850,2140141,INDOMETACINA 25 MG,,375,Y
1851,2160064,"FARICIMAB 6 MG/ 0,05 ML SOLN. INYECT.",,924,Y
1853,2140404,IVABRADINA 5 MG CM,,803,Y
1854,2140328,LACOSAMIDA 100 MG,,890,Y
1855,2160081,INSULINA ASPARTA 100 UI/ML CARTRIDGE X 3 ML,,800,Y
1856,2190019,TACROLIMUS 1 MG,,667,Y
1857,2130251,RIFAM 150 MG/ISONIA 75 MG/PIRAZINA 400 MG/ETAMBU 275 MG PM,,624,Y
1858,2130035,RIFAPENTINA 150 MG. CM. PM,,926,Y
1859,2130037,TENOF/LAMIV/DOLUT 300/300/50 MG. CM. PM,,677,Y
1860,2160443-AM-LRS,"ADALIMUMAB 40 MG /0,8 ML (AMGEVITA)LRS",,26,Y
1861,2130029,AMPICILINA 500 MG INYECTABLE,,53,Y
1862,2140232,RISPERIDONA 3 MG,,627,Y
1863,2130189,RALTEGRAVIR 400 MG CM PM,,618,Y
1864,2160101,OCTREOTIDA 30 MG,,535,Y
1865,2130209,VANCOMICINA FA 1 GR,,743,Y
1866,2130002,CEFEPIME 1 GR,,131,Y
1867,2170138xxx,PARECOXIB 40 MG IV,,560,Y
1868,2130003,"CEFTAZIDIMA / AVIBACTAM 2,5 GR PLV. P/SOLN P/PERFUSION",,775,Y
1869,2170010,CETIRIZINA DICLORHIDRATO 10 MG/ML SOL. ORAL GOTA 15 ML,,142,Y
1870,2170019,DIHEXAZIN 3 MG/5ML + VITAMINAS P/RECONSTITUCION,,928,Y
1871,2170215,GEL LUBRICANTE POMO 50GR.,,929,Y
1872,2110027,PROPOFOL 1% AMPOLLA 100 ML,,613,Y
1873,2110035,PROPOFOL 2% FRASCO 100 ML,,613,Y
1874,2140084,RACECADOTRILO 10 MG. GRANULADO P/SUP. ORAL,,918,Y
1875,2160142-EN-LRS,ETANERCEPT 50 MG/ML JP (ENBREL) LRS,,277,Y
1876,2180012,NUTRICION PARENTERAL PERIFERICA,,533,Y
1877,2160442-HU-LRS,"ADALIMUMAB 40 MG /0,4 ML (HUMIRA)LRS",,26,Y
1878,3500001,SUPLEMENTO ALIMENTICIO ADULTOS TIPO ENSURE 800 - 850GRS,,663,Y
1879,3500002,SUPLEMENTO ALIMENTICIO PEDIATRICO TIPO PEDIASURE 900GRS,,663,Y
1880,3500003,SUPLEMENTO ALIMENTICIO TIPO GLUCERNA 850 GRS,,663,Y
1881,2170040,"SUPLEMENTO MULTIVIT. C/VIT. A,D,E,K GOTAS",,664,Y
1882,2140100-LRS, TOFACITINIB 5 MG CMR LRS,,828,Y
1883,2140090,TOPIRAMATO 100 MG (TOPREL) CM,,703,Y
1884,2160443-HY,"ADALIMUMAB 40 MG /0,8 ML (HYRIMOZ) INY.",,26,Y
1885,2620001,"VACUNA PRUEBA CON TUBERCULINA 2UI/0,1 MLÂ  (PPD)Â ",,600,Y
1886,2110040,VASELINA MEDICINAL SOL. ORAL 120-200 ML,,746,Y
1887,2160443-HY-PM,"ADALIMUMAB 40 MG /0,8 ML (HYRIMOZ) PM",,26,Y
1888,2160443-ID,"ADALIMUMAB 40 MG /0,8 ML (IDACIO) INY.",,26,Y
1889,2140094,VERAPAMILO CLORHIDRATO 80 MG CM.,,750,Y
1890,2130048,VORICONAZOL 200 MG INYECTABLE,,758,Y
1891,2140096,ZUCLOPENTIXOL 10 MG CM. REC,,767,Y
1892,2130271,RITONAVIR 100 MG CM PM,,628,Y
1893,2130190,RIFAMPICINA 150 MG PM,,624,Y
1894,2130260,RIFAXIMINA 200 MG,,625,Y
1895,2130185,PIRAZINAMIDA 500 MG,,579,Y
1896,2160096,"METOTREXATO 20 MG/0,4 ML SC",,485,Y
1897,2170066,PASTA LASSAR CJ 30 GR,,563,Y
1898,2170070,POLIVITAMINICO JARABE 100 ML,,592,Y
1899,2160122,SODIO CLORURO 0.9% 1000 ML BOLSA,,648,Y
1900,2170196,"TIOTROPIO 2,5 MCG/PULSACION SOL. P/INHL. ORAL",,696,Y
1901,2130202,PIPERACILINA 4 GR. / TAZOBACTAM 500 MG,,577,Y
1902,2130224,DEXAMETASONA 4 MG,,220,Y
1903,2140156,LEVETIRACETAM 500 MG,,434,Y
1904,2140441,DASATINIB 100 MG CMR (L.CH),,211,Y
1905,2130056,CEFTAZIDIMA FA 1 GR,,138,Y
1906,2620029,SUCCINILCOLINA CLORURO 100 MG/5ML  SOL. INYECTABLE,,666,Y
1907,2180026,SORBITOL/ MANITOL IRRIGACION VESICAL 3000 ML,,930,Y
1908,2160116,INTERFERON BETA-1A 44UG/0.5 ML (REBIF) PM,,390,Y
1909,2180028,"S.P. SODIO CLORURO 0,9% X 500 ML",,648,Y
1910,2180025,"S.P. SODIO CLORURO 0,9% X 250 ML",,648,Y
1911,2180027,"S.P. SODIO CLORURO SOLUCION INYECTABLE 0,90% / 1000 ML",,648,Y
1912,2160016,CAFEINA CITRATO 20 MG/ML PERFUS/ORAL AMP,,931,Y
1913,2180024,"SODIO CLORURO SOLUCION INYECTABLE 0,90% / 100 ML",,648,Y
1914,2160115,"INTERFERON BETA 1A 30UG/ 0,5 ML JER PREC PM",,390,Y
1915,2180023,SODIO BICARBONATO 2/3 M 250ML,,925,Y
1916,2190037-SEC-LRS,SECUKINUMAB 150 MG./1 ML.. JP..LRS,,642,Y
1917,2170079,ESOMEPRAZOL 10 MG. SACHET,,264,Y
1918,2170081,SALBUTAMOL SULFATO 100 MCG/DO INHALADOR,,637,Y
1919,21060136,SODIO BICARBONATO 1/6 M 500 ML,,91,Y
1920,2160114,GLATIRAMER ACETATO 40 MG EN 1 ML JERINGA PRE-LLENADA PM,,932,Y
1921,2170078,RISPERIDONA 1 MG/1 ML SOL. ORAL FC 30 ML,,627,Y
1922,2160113,INMUNOGLOBULINA HUMANA 5% 100 ML SOL. INYECTABLE,,380,Y
1923,2180030,S.P. RINGER LACTATO 500 ML,,626,Y
1924,2160112,FACTOR VII 2 MG (100 KUI) EPTACOG ALFA (ACTIVADO) PM,,291,Y
1925,2160111,INMUNOGLOBULINA ANTITETANICA 250 UI/DOSIS SOL. INYECTABLE,,380,Y
1926,2620025,PROTAMINA SULFATO 50 MG/5 ML,,615,Y
1927,2160109,FACTOR ANTIHEMOFILICO VIII 1000 UI POLVO LIOFILIZADOÂ PM,,291,Y
1928,2160108,COMPLEJO COAG.ANTI-INHIBIDOR DEL FACTOR VIII X 1000 UI.AMP. PM,,291,Y
1929,2130225,PREDNISOLONA ACETATO 1% SOL. OFTALMICA,,603,Y
1930,2160107,"ATRACURIO BESILATO 25 MG/2,5 ML SOL. INYECTABLE",,71,Y
1931,2160106,ALBUMINA HUMANA 20% FC 50 ML,,33,Y
1932,2130061,CEFUROXIMO 250 MG/5 ML SUSPENSION ORAL,,140,Y
1933,2160027,CARBETOCINA 100MCG/ML SOL.INY FAM 1ML,,124,Y
1934,2140158,"LEVONORGESTREL 1,5 MG CM",,441,Y
1935,2140167,LEVOTIROXINA SODICA 100 MCG,,443,Y
1936,2160099,MILRINONA SOLUCION INYECTABLE 10 MG/ 10 ML,,491,Y
1937,2170051,LIDOCAINA 10% SPRAY FC 50 ML,,444,Y
1938,2140294,PANCREOLIPASA 25.000 UI,,556,Y
1939,2160144,TESTOSTERONA ENANTATO 250 MG /ML,,683,Y
1940,2120072,MORFINA 20 MG/ML FCO. 20 ML (GOTAS),,501,Y
1941,2160085,LACOSAMIDA I.V. 100MG/10ML,,890,Y
1942,2170023,DICLOFENACO GEL DERMICO 1%,,224,Y
1943,2120036,METADONA 10 MG CM,,475,Y
1944,2160104,OMALIZUMAB 150 MG. F/A,,538,Y
1945,2160105,ABATACEPT 125MG/ML SOLN. INYECT PM,,3,Y
1946,2170026,DIGOXINA 0.05 MG / 1 ML JARABE 60 ML,,227,Y
1947,2140095,DISULFIRAN 500 MG CM,,232,Y
1948,2160033,DARATUMUMAB 100 MG/5 ML,,906,Y
1949,4000075,ACIDO URSODESOXICOLICO 250 MG/5 ML,,22,Y
1950,2140041,LENALIDOMIDA 25 MG,,917,Y
1951,2110041xxx,DESFLURANO 240 ML,,933,Y
1952,2120037,CONT. METILFENIDATO CLORHIDRATO 10 MG,,482,Y
1953,2140179,METOCLOPRAMIDA CLORHIDRATO 10 MG,,484,Y
1954,2160015,"ADRENALINA AUTOINYECTABLE 0,3 MG JP",,255,Y
1955,2160087,LEVOBUPIVACAINA CLORHIDRATO 50 MG/10 ML,,934,Y
1956,2120035,METADONA 10 MG AM,,475,Y
1957,2140330,MELATONINA 3 MG,,466,Y
1958,2160042,DENOSUMAB 60 MG/ML JP,,783,Y
1959,2120022,CONT. FENOBARBITAL 200 MG SOL. INYECTABLE,,295,Y
1960,2170185,FILTRO SOLAR UVA UVB CREMA FPS 50+,,935,Y
1961,2170143,FILTRO SOLAR UVA UVB EMULSION-GEL FPS 50+,,935,Y
1962,2160084,"INSULINA HUMANA ISOFANA 3,5 MG (NPH) (ADN R) 100 UI/ML 10 ML",,388,Y
1963,2140288,SUPLEMENTO MULTIVITAMINICO A-D-E-K CP - CM PM,,664,Y
1964, 2180039,LIPIDOS 20% AM 500 ML,,449,Y
1965,2110028,TESTOSTERONA 1% GEL TRANSDERMAL,,683,Y
1966,2170145,GLICERIL ESTEAR-PPG-VASEL-LOC.HUMECT.PH5 FC 250 ML,,936,Y
1967,2110031,BETAMETASONA 0.5MG./AC.SALICILICO 20MG. X 20ML.LOCION TOPICA,,937,Y
1968,2140104,ESOMEPRAZOL 40 MG CP,,264,Y
1969,2150048,POLIETILENGLICOL 3350 POLVO GRAMOS,,588,Y
1970, 2140419,SODIO BICARBONATO 500 MG CP,,925,Y
1971,2150105,VITAMINA D3 COLECALCIFEROL 50.000 UI CAPSULA,,754,Y
1972,2140155-KO,LEVETIRACETAM 1000 MG (KOPODEX) CM,,434,Y
1973,2160079-LRS,BELIMUMAB 120 MG FA LIOFILIZADO LRS,,772,Y
1974,2140317,LEVETIRACETAM 100 MG/ML SUSP. ORAL 300 ML (KEPPRA),,434,Y
1975,2130127,GENTAMICINA 3 MG / BETAMETASONA 1 MG /3.5 GR UGTO OFT.,,342,Y
1976,2130008,"TOBRAMICINA 0,3 % + DEXAMETASONA 0,1% UNG. OFT.",,699,Y
1977,2140199,OLANZAPINA 10 MG CM,,536,Y
1978,01,MEDICAMENTO EXTERNO,,341,Y
1979,2240003,AEROCAMARA ADULTO,,938,Y
1980,2240004,AEROCAMARA PEDIATRICA,,938,Y
1981,2240002,AGUJA P/ LAPIZ P/INSULINA 32 G 5/32,,943,Y
1982,2240006,PARCHE OCULAR ADULTO,,940,Y
1983,2240007,PARCHE OCULAR INFANTIL,,940,Y
1984,2240008,PRESERVATIVO LISO TRANSPARENTE LATEX RESISTENTE,,939,Y
1985,2250001,BOLSA COLOSTOMIA DRENABLE 14X21 ADULTO,,942,Y
1986,2240005,LANCETA ACCU-CHEK SOFTCLIX (200),,427,Y
1987,2240009,TIRAS REACTIVAS ACCU-CHEK INSTANT,,941,Y
1988,2240001,JERINGA INSULINA 30G X 5/16 DE 100 IU,,409,Y
1989,L03AX030640201,VACUNA B.C.G. POLVO LIOFILIZADO PARA SOLUCION INYECTABLE 27-30 MG,,731,Y
1990,J06BB040100077,INMUNOGLOBULINA ANTIHEPATITIS B SOLUCION INYECTABLE 1.000 UI/5 ML,,377,Y
1991,J07BM01ML0053,"VACUNA PAPILOMA HUMANO, SUSPENSIÓN INYECTABLE, 0,5 ML, MONODOSIS, VÍA INTRAMUSCULAR",,947,Y
1992,J07BC010130160,VACUNA ANTIHEPATITIS B SUSPENSION PARA INYECTABLE 20 MCG/ML,,725,Y
1993,J07BC010130085,VACUNA ANTIHEPATITIS B SUSPENSION PARA INYECTABLE 10 MCG/ML,,725,Y
1994,J06BA020100436,INMUNOGLOBULINA ANTITETANICA SOLUCION INYECTABLE  250 UI/ML,,380,Y
1995,J06BB050100226,INMUNOGLOBULINA ANTIRRABICA SOLUCION INYECTABLE 300 UI/2 ML,,379,Y
1996,J07AL010130269,"VACUNA ANTI-NEUMOCOCICA SUSPENSION PARA INYECTABLE 50 MCG/0,5 ML",,727,Y
1997,J07CA090130213,VACUNA HEXAVALENTE SUSPENSION PARA INYECTABLE 30 GR/100 GR,,734,Y
1998,J07NC01000123,"VACUNA ANTIMENINGOCOCICA CONJUGADA SEROGRUPOS A, C, Y Y W-135, SUSPENSIÓN INYECTABLE, 0,5 ML, MONODOSIS, INTRAMUSCULAR.",,948,Y
1999,J02AT020003456,VACUNA PARA TETANOS Y DIFTERIA SUSPENSION PARA INYECTABLE 30 GR/100 GR,,949,Y
2000,J07NP01000567,"VACUNA PNEUMOCÓCICA POLIVALENTE SOLUCIÓN INYECTABLE 0,5 ML",,946,Y
2001,J03NI10002456,VACUNA BEYFORTUS 50 MG,,944,Y
2002,J04NI10001569,VACUNA BEYFORTUS 100 MG,,945,Y
2003,J07BG010100156,VACUNA ANTIRRABICA SOLUCION INYECTABLE 2.5 UI/1 vial,,729,Y
2004,2130151,LINEZOLID 600 MG VO,,448,Y
2005,13111237000007,NPT PERIFERICA 1850-1910 ML,,533,Y
2006,13111237000017,NPT CENTRAL 1850-1980 ML,,532,Y
2007,13111237000034,NPT CENTRAL C/EXTRA NITRÓGENO 1450-1650 ML,,532,Y
2008,NTP000001,NUTRICION PARENTERAL TOTAL CICLADA PEDIATRICA,,532,Y
2009,11441113000000,TAUROLIDINA AMP 3ML,,30,Y
2010,13111219100053,ISONIAZIDA/RIFAPENTINA 300MG/300MG,,402,Y
2011,13111221000032,HIERRO CARBOXIMALTOSA 500 MG/10ML ,,365,Y
2012,2141000,APIXABAN 2.5 MG CM,,341,Y
2013,2140443,DASATINIB 70 MG CMR,,211,Y
2014,AMPP2149855,LAMOTRIGINA COMPRIMIDO 100.0 mg (2149855),,425,Y
2015,2130153,Ceftolozano 1000 MG/TAZOBACTAM 500 MG FA,,341,Y
